[     141ms] [VERBOSE] [DOM] Input elements should have autocomplete attributes (suggested: "current-password"): (More info: https://goo.gl/9p2vKq) %o @ http://localhost/saas-ugc/app.html:0
[    1441ms] [LOG] [Sync] Carregando estado do servidor: {campanhas: 0, marcas: 0} @ http://localhost/saas-ugc/assets/js2/app.js?v=20260507a:398
[    2194ms] [LOG] [App] Estado do servidor carregado @ http://localhost/saas-ugc/assets/js2/app.js?v=20260507a:465
[    3107ms] [LOG] [Sync] Salvando estado no servidor... @ http://localhost/saas-ugc/assets/js2/core/state.js:959
[    4949ms] [WARNING] [Sync] Resposta inesperada do servidor: {ok: true, updatedAt: 2026-05-07T23:14:21+02:00, bytes: 2263, backend: supabase, warning: null} @ http://localhost/saas-ugc/assets/js2/core/state.js:973
[    6876ms] [ERROR] Failed to load resource: net::ERR_INTERNET_DISCONNECTED @ http://localhost/saas-ugc/api/billing_status.php:0
[    7789ms] [LOG] [Sync] Salvando estado no servidor... @ http://localhost/saas-ugc/assets/js2/core/state.js:959
[    7791ms] [ERROR] Failed to load resource: net::ERR_INTERNET_DISCONNECTED @ http://localhost/saas-ugc/api/state.php:0
[    7791ms] [ERROR] [Sync] Falha ao salvar estado no servidor: TypeError: Failed to fetch
    at flushRemoteSave (http://localhost/saas-ugc/assets/js2/core/state.js:961:23) @ http://localhost/saas-ugc/assets/js2/core/state.js:977
[   60164ms] [ERROR] Failed to load resource: the server responded with a status of 401 (Unauthorized) @ http://localhost/saas-ugc/api/track_time.php:0
[  120152ms] [ERROR] Failed to load resource: the server responded with a status of 401 (Unauthorized) @ http://localhost/saas-ugc/api/track_time.php:0
[  150158ms] [ERROR] Failed to load resource: the server responded with a status of 401 (Unauthorized) @ http://localhost/saas-ugc/api/track_time.php:0
[  180156ms] [ERROR] Failed to load resource: the server responded with a status of 401 (Unauthorized) @ http://localhost/saas-ugc/api/track_time.php:0
[  210159ms] [ERROR] Failed to load resource: the server responded with a status of 401 (Unauthorized) @ http://localhost/saas-ugc/api/track_time.php:0
[  240160ms] [ERROR] Failed to load resource: the server responded with a status of 401 (Unauthorized) @ http://localhost/saas-ugc/api/track_time.php:0
[  300154ms] [ERROR] Failed to load resource: the server responded with a status of 401 (Unauthorized) @ http://localhost/saas-ugc/api/track_time.php:0
[  360161ms] [ERROR] Failed to load resource: the server responded with a status of 401 (Unauthorized) @ http://localhost/saas-ugc/api/track_time.php:0
[  420157ms] [ERROR] Failed to load resource: the server responded with a status of 401 (Unauthorized) @ http://localhost/saas-ugc/api/track_time.php:0
[  450167ms] [ERROR] Failed to load resource: the server responded with a status of 401 (Unauthorized) @ http://localhost/saas-ugc/api/track_time.php:0
[  510148ms] [ERROR] Failed to load resource: the server responded with a status of 401 (Unauthorized) @ http://localhost/saas-ugc/api/track_time.php:0
[  570151ms] [ERROR] Failed to load resource: the server responded with a status of 401 (Unauthorized) @ http://localhost/saas-ugc/api/track_time.php:0
[  600155ms] [ERROR] Failed to load resource: the server responded with a status of 401 (Unauthorized) @ http://localhost/saas-ugc/api/track_time.php:0
[  660150ms] [ERROR] Failed to load resource: the server responded with a status of 401 (Unauthorized) @ http://localhost/saas-ugc/api/track_time.php:0
[  690158ms] [ERROR] Failed to load resource: the server responded with a status of 401 (Unauthorized) @ http://localhost/saas-ugc/api/track_time.php:0
[  750152ms] [ERROR] Failed to load resource: the server responded with a status of 401 (Unauthorized) @ http://localhost/saas-ugc/api/track_time.php:0
[  780150ms] [ERROR] Failed to load resource: the server responded with a status of 401 (Unauthorized) @ http://localhost/saas-ugc/api/track_time.php:0
[  810159ms] [ERROR] Failed to load resource: the server responded with a status of 401 (Unauthorized) @ http://localhost/saas-ugc/api/track_time.php:0
[  870153ms] [ERROR] Failed to load resource: the server responded with a status of 401 (Unauthorized) @ http://localhost/saas-ugc/api/track_time.php:0
[  930159ms] [ERROR] Failed to load resource: the server responded with a status of 401 (Unauthorized) @ http://localhost/saas-ugc/api/track_time.php:0
[  960154ms] [ERROR] Failed to load resource: the server responded with a status of 401 (Unauthorized) @ http://localhost/saas-ugc/api/track_time.php:0
[  990154ms] [ERROR] Failed to load resource: the server responded with a status of 401 (Unauthorized) @ http://localhost/saas-ugc/api/track_time.php:0
[ 1020159ms] [ERROR] Failed to load resource: the server responded with a status of 401 (Unauthorized) @ http://localhost/saas-ugc/api/track_time.php:0
[ 1050155ms] [ERROR] Failed to load resource: the server responded with a status of 401 (Unauthorized) @ http://localhost/saas-ugc/api/track_time.php:0
[ 1080160ms] [ERROR] Failed to load resource: the server responded with a status of 401 (Unauthorized) @ http://localhost/saas-ugc/api/track_time.php:0
[ 1140158ms] [ERROR] Failed to load resource: the server responded with a status of 401 (Unauthorized) @ http://localhost/saas-ugc/api/track_time.php:0
[ 1200152ms] [ERROR] Failed to load resource: the server responded with a status of 401 (Unauthorized) @ http://localhost/saas-ugc/api/track_time.php:0
[ 1230152ms] [ERROR] Failed to load resource: the server responded with a status of 401 (Unauthorized) @ http://localhost/saas-ugc/api/track_time.php:0
[ 1260152ms] [ERROR] Failed to load resource: the server responded with a status of 401 (Unauthorized) @ http://localhost/saas-ugc/api/track_time.php:0
[ 1290161ms] [ERROR] Failed to load resource: the server responded with a status of 401 (Unauthorized) @ http://localhost/saas-ugc/api/track_time.php:0
[ 1350159ms] [ERROR] Failed to load resource: the server responded with a status of 401 (Unauthorized) @ http://localhost/saas-ugc/api/track_time.php:0
[ 1410155ms] [ERROR] Failed to load resource: the server responded with a status of 401 (Unauthorized) @ http://localhost/saas-ugc/api/track_time.php:0
[ 1440150ms] [ERROR] Failed to load resource: the server responded with a status of 401 (Unauthorized) @ http://localhost/saas-ugc/api/track_time.php:0
[ 1470157ms] [ERROR] Failed to load resource: the server responded with a status of 401 (Unauthorized) @ http://localhost/saas-ugc/api/track_time.php:0
[ 1530150ms] [ERROR] Failed to load resource: the server responded with a status of 401 (Unauthorized) @ http://localhost/saas-ugc/api/track_time.php:0
[ 1560162ms] [ERROR] Failed to load resource: the server responded with a status of 401 (Unauthorized) @ http://localhost/saas-ugc/api/track_time.php:0
[ 1590163ms] [ERROR] Failed to load resource: the server responded with a status of 401 (Unauthorized) @ http://localhost/saas-ugc/api/track_time.php:0
[ 1650162ms] [ERROR] Failed to load resource: the server responded with a status of 401 (Unauthorized) @ http://localhost/saas-ugc/api/track_time.php:0
[ 1680160ms] [ERROR] Failed to load resource: the server responded with a status of 401 (Unauthorized) @ http://localhost/saas-ugc/api/track_time.php:0
[ 1710164ms] [ERROR] Failed to load resource: the server responded with a status of 401 (Unauthorized) @ http://localhost/saas-ugc/api/track_time.php:0
[ 1770167ms] [ERROR] Failed to load resource: the server responded with a status of 401 (Unauthorized) @ http://localhost/saas-ugc/api/track_time.php:0
[ 1800168ms] [ERROR] Failed to load resource: the server responded with a status of 401 (Unauthorized) @ http://localhost/saas-ugc/api/track_time.php:0
[ 1860165ms] [ERROR] Failed to load resource: the server responded with a status of 401 (Unauthorized) @ http://localhost/saas-ugc/api/track_time.php:0
[ 1920162ms] [ERROR] Failed to load resource: the server responded with a status of 401 (Unauthorized) @ http://localhost/saas-ugc/api/track_time.php:0
[ 1950166ms] [ERROR] Failed to load resource: the server responded with a status of 401 (Unauthorized) @ http://localhost/saas-ugc/api/track_time.php:0
[ 1980192ms] [ERROR] Failed to load resource: the server responded with a status of 401 (Unauthorized) @ http://localhost/saas-ugc/api/track_time.php:0
[ 2040173ms] [ERROR] Failed to load resource: the server responded with a status of 401 (Unauthorized) @ http://localhost/saas-ugc/api/track_time.php:0
[ 2100160ms] [ERROR] Failed to load resource: the server responded with a status of 401 (Unauthorized) @ http://localhost/saas-ugc/api/track_time.php:0
[ 2130164ms] [ERROR] Failed to load resource: the server responded with a status of 401 (Unauthorized) @ http://localhost/saas-ugc/api/track_time.php:0
[ 2160168ms] [ERROR] Failed to load resource: the server responded with a status of 401 (Unauthorized) @ http://localhost/saas-ugc/api/track_time.php:0
[ 2220162ms] [ERROR] Failed to load resource: the server responded with a status of 401 (Unauthorized) @ http://localhost/saas-ugc/api/track_time.php:0
[ 2250173ms] [ERROR] Failed to load resource: the server responded with a status of 401 (Unauthorized) @ http://localhost/saas-ugc/api/track_time.php:0
[ 2310153ms] [ERROR] Failed to load resource: the server responded with a status of 401 (Unauthorized) @ http://localhost/saas-ugc/api/track_time.php:0
[ 2340168ms] [ERROR] Failed to load resource: the server responded with a status of 401 (Unauthorized) @ http://localhost/saas-ugc/api/track_time.php:0
[ 2400164ms] [ERROR] Failed to load resource: the server responded with a status of 401 (Unauthorized) @ http://localhost/saas-ugc/api/track_time.php:0
[ 2460154ms] [ERROR] Failed to load resource: the server responded with a status of 401 (Unauthorized) @ http://localhost/saas-ugc/api/track_time.php:0
[ 2490177ms] [ERROR] Failed to load resource: the server responded with a status of 401 (Unauthorized) @ http://localhost/saas-ugc/api/track_time.php:0
[ 2550161ms] [ERROR] Failed to load resource: the server responded with a status of 401 (Unauthorized) @ http://localhost/saas-ugc/api/track_time.php:0
[ 2580161ms] [ERROR] Failed to load resource: the server responded with a status of 401 (Unauthorized) @ http://localhost/saas-ugc/api/track_time.php:0
[ 2610167ms] [ERROR] Failed to load resource: the server responded with a status of 401 (Unauthorized) @ http://localhost/saas-ugc/api/track_time.php:0
[ 2670157ms] [ERROR] Failed to load resource: the server responded with a status of 401 (Unauthorized) @ http://localhost/saas-ugc/api/track_time.php:0
[ 2700168ms] [ERROR] Failed to load resource: the server responded with a status of 401 (Unauthorized) @ http://localhost/saas-ugc/api/track_time.php:0
[ 2760172ms] [ERROR] Failed to load resource: the server responded with a status of 401 (Unauthorized) @ http://localhost/saas-ugc/api/track_time.php:0
[ 2820186ms] [ERROR] Failed to load resource: the server responded with a status of 401 (Unauthorized) @ http://localhost/saas-ugc/api/track_time.php:0
[ 2850166ms] [ERROR] Failed to load resource: the server responded with a status of 401 (Unauthorized) @ http://localhost/saas-ugc/api/track_time.php:0
[ 2910156ms] [ERROR] Failed to load resource: the server responded with a status of 401 (Unauthorized) @ http://localhost/saas-ugc/api/track_time.php:0
[ 2940165ms] [ERROR] Failed to load resource: the server responded with a status of 401 (Unauthorized) @ http://localhost/saas-ugc/api/track_time.php:0
[ 2970179ms] [ERROR] Failed to load resource: the server responded with a status of 401 (Unauthorized) @ http://localhost/saas-ugc/api/track_time.php:0
[ 3030162ms] [ERROR] Failed to load resource: the server responded with a status of 401 (Unauthorized) @ http://localhost/saas-ugc/api/track_time.php:0
[ 3060171ms] [ERROR] Failed to load resource: the server responded with a status of 401 (Unauthorized) @ http://localhost/saas-ugc/api/track_time.php:0
[ 3120164ms] [ERROR] Failed to load resource: the server responded with a status of 401 (Unauthorized) @ http://localhost/saas-ugc/api/track_time.php:0
[ 3180156ms] [ERROR] Failed to load resource: the server responded with a status of 401 (Unauthorized) @ http://localhost/saas-ugc/api/track_time.php:0
[ 3210171ms] [ERROR] Failed to load resource: the server responded with a status of 401 (Unauthorized) @ http://localhost/saas-ugc/api/track_time.php:0
[ 3270162ms] [ERROR] Failed to load resource: the server responded with a status of 401 (Unauthorized) @ http://localhost/saas-ugc/api/track_time.php:0
[ 3300166ms] [ERROR] Failed to load resource: the server responded with a status of 401 (Unauthorized) @ http://localhost/saas-ugc/api/track_time.php:0
[ 3360163ms] [ERROR] Failed to load resource: the server responded with a status of 401 (Unauthorized) @ http://localhost/saas-ugc/api/track_time.php:0
[ 3420156ms] [ERROR] Failed to load resource: the server responded with a status of 401 (Unauthorized) @ http://localhost/saas-ugc/api/track_time.php:0
[ 3480165ms] [ERROR] Failed to load resource: the server responded with a status of 401 (Unauthorized) @ http://localhost/saas-ugc/api/track_time.php:0
[ 3510167ms] [ERROR] Failed to load resource: the server responded with a status of 401 (Unauthorized) @ http://localhost/saas-ugc/api/track_time.php:0
[ 3570172ms] [ERROR] Failed to load resource: the server responded with a status of 401 (Unauthorized) @ http://localhost/saas-ugc/api/track_time.php:0
[ 3600169ms] [ERROR] Failed to load resource: the server responded with a status of 401 (Unauthorized) @ http://localhost/saas-ugc/api/track_time.php:0
[ 3660170ms] [ERROR] Failed to load resource: the server responded with a status of 401 (Unauthorized) @ http://localhost/saas-ugc/api/track_time.php:0
[ 3720157ms] [ERROR] Failed to load resource: the server responded with a status of 401 (Unauthorized) @ http://localhost/saas-ugc/api/track_time.php:0
[ 3750166ms] [ERROR] Failed to load resource: the server responded with a status of 401 (Unauthorized) @ http://localhost/saas-ugc/api/track_time.php:0
[ 3810168ms] [ERROR] Failed to load resource: the server responded with a status of 401 (Unauthorized) @ http://localhost/saas-ugc/api/track_time.php:0
[ 3840165ms] [ERROR] Failed to load resource: the server responded with a status of 401 (Unauthorized) @ http://localhost/saas-ugc/api/track_time.php:0
[ 3900167ms] [ERROR] Failed to load resource: the server responded with a status of 401 (Unauthorized) @ http://localhost/saas-ugc/api/track_time.php:0
[ 3930173ms] [ERROR] Failed to load resource: the server responded with a status of 401 (Unauthorized) @ http://localhost/saas-ugc/api/track_time.php:0
[ 3990157ms] [ERROR] Failed to load resource: the server responded with a status of 401 (Unauthorized) @ http://localhost/saas-ugc/api/track_time.php:0
[ 4050176ms] [ERROR] Failed to load resource: the server responded with a status of 401 (Unauthorized) @ http://localhost/saas-ugc/api/track_time.php:0
[ 4080168ms] [ERROR] Failed to load resource: the server responded with a status of 401 (Unauthorized) @ http://localhost/saas-ugc/api/track_time.php:0
[ 4140165ms] [ERROR] Failed to load resource: the server responded with a status of 401 (Unauthorized) @ http://localhost/saas-ugc/api/track_time.php:0
[ 4170173ms] [ERROR] Failed to load resource: the server responded with a status of 401 (Unauthorized) @ http://localhost/saas-ugc/api/track_time.php:0
[ 4230194ms] [ERROR] Failed to load resource: the server responded with a status of 401 (Unauthorized) @ http://localhost/saas-ugc/api/track_time.php:0
[ 4260164ms] [ERROR] Failed to load resource: the server responded with a status of 401 (Unauthorized) @ http://localhost/saas-ugc/api/track_time.php:0
[ 4320160ms] [ERROR] Failed to load resource: the server responded with a status of 401 (Unauthorized) @ http://localhost/saas-ugc/api/track_time.php:0
[ 4380173ms] [ERROR] Failed to load resource: the server responded with a status of 401 (Unauthorized) @ http://localhost/saas-ugc/api/track_time.php:0
[ 4410176ms] [ERROR] Failed to load resource: the server responded with a status of 401 (Unauthorized) @ http://localhost/saas-ugc/api/track_time.php:0
[ 4470165ms] [ERROR] Failed to load resource: the server responded with a status of 401 (Unauthorized) @ http://localhost/saas-ugc/api/track_time.php:0
[ 4530165ms] [ERROR] Failed to load resource: the server responded with a status of 401 (Unauthorized) @ http://localhost/saas-ugc/api/track_time.php:0
[ 4590168ms] [ERROR] Failed to load resource: the server responded with a status of 401 (Unauthorized) @ http://localhost/saas-ugc/api/track_time.php:0
[ 4650155ms] [ERROR] Failed to load resource: the server responded with a status of 401 (Unauthorized) @ http://localhost/saas-ugc/api/track_time.php:0
[ 4680219ms] [ERROR] Failed to load resource: the server responded with a status of 401 (Unauthorized) @ http://localhost/saas-ugc/api/track_time.php:0
[ 4740167ms] [ERROR] Failed to load resource: the server responded with a status of 401 (Unauthorized) @ http://localhost/saas-ugc/api/track_time.php:0
[ 4770169ms] [ERROR] Failed to load resource: the server responded with a status of 401 (Unauthorized) @ http://localhost/saas-ugc/api/track_time.php:0
[ 4830167ms] [ERROR] Failed to load resource: the server responded with a status of 401 (Unauthorized) @ http://localhost/saas-ugc/api/track_time.php:0
[ 4890161ms] [ERROR] Failed to load resource: the server responded with a status of 401 (Unauthorized) @ http://localhost/saas-ugc/api/track_time.php:0
[ 4920164ms] [ERROR] Failed to load resource: the server responded with a status of 401 (Unauthorized) @ http://localhost/saas-ugc/api/track_time.php:0
[ 4980156ms] [ERROR] Failed to load resource: the server responded with a status of 401 (Unauthorized) @ http://localhost/saas-ugc/api/track_time.php:0
[ 5010172ms] [ERROR] Failed to load resource: the server responded with a status of 401 (Unauthorized) @ http://localhost/saas-ugc/api/track_time.php:0
[ 5070161ms] [ERROR] Failed to load resource: the server responded with a status of 401 (Unauthorized) @ http://localhost/saas-ugc/api/track_time.php:0
[ 5100176ms] [ERROR] Failed to load resource: the server responded with a status of 401 (Unauthorized) @ http://localhost/saas-ugc/api/track_time.php:0
[ 5160160ms] [ERROR] Failed to load resource: the server responded with a status of 401 (Unauthorized) @ http://localhost/saas-ugc/api/track_time.php:0
[ 5190169ms] [ERROR] Failed to load resource: the server responded with a status of 401 (Unauthorized) @ http://localhost/saas-ugc/api/track_time.php:0
[ 5250154ms] [ERROR] Failed to load resource: the server responded with a status of 401 (Unauthorized) @ http://localhost/saas-ugc/api/track_time.php:0
[ 5280170ms] [ERROR] Failed to load resource: the server responded with a status of 401 (Unauthorized) @ http://localhost/saas-ugc/api/track_time.php:0
[ 5340165ms] [ERROR] Failed to load resource: the server responded with a status of 401 (Unauthorized) @ http://localhost/saas-ugc/api/track_time.php:0
[ 5370167ms] [ERROR] Failed to load resource: the server responded with a status of 401 (Unauthorized) @ http://localhost/saas-ugc/api/track_time.php:0
[ 5400164ms] [ERROR] Failed to load resource: the server responded with a status of 401 (Unauthorized) @ http://localhost/saas-ugc/api/track_time.php:0
[ 5460166ms] [ERROR] Failed to load resource: the server responded with a status of 401 (Unauthorized) @ http://localhost/saas-ugc/api/track_time.php:0
[ 5520150ms] [ERROR] Failed to load resource: the server responded with a status of 401 (Unauthorized) @ http://localhost/saas-ugc/api/track_time.php:0
[ 5550159ms] [ERROR] Failed to load resource: the server responded with a status of 401 (Unauthorized) @ http://localhost/saas-ugc/api/track_time.php:0
[ 5610156ms] [ERROR] Failed to load resource: the server responded with a status of 401 (Unauthorized) @ http://localhost/saas-ugc/api/track_time.php:0
[ 5670155ms] [ERROR] Failed to load resource: the server responded with a status of 401 (Unauthorized) @ http://localhost/saas-ugc/api/track_time.php:0
[ 5700149ms] [ERROR] Failed to load resource: the server responded with a status of 401 (Unauthorized) @ http://localhost/saas-ugc/api/track_time.php:0
[ 5730165ms] [ERROR] Failed to load resource: the server responded with a status of 401 (Unauthorized) @ http://localhost/saas-ugc/api/track_time.php:0
[ 5790166ms] [ERROR] Failed to load resource: the server responded with a status of 401 (Unauthorized) @ http://localhost/saas-ugc/api/track_time.php:0
[ 5850161ms] [ERROR] Failed to load resource: the server responded with a status of 401 (Unauthorized) @ http://localhost/saas-ugc/api/track_time.php:0
[ 5910165ms] [ERROR] Failed to load resource: the server responded with a status of 401 (Unauthorized) @ http://localhost/saas-ugc/api/track_time.php:0
[ 5970163ms] [ERROR] Failed to load resource: the server responded with a status of 401 (Unauthorized) @ http://localhost/saas-ugc/api/track_time.php:0
[ 6000156ms] [ERROR] Failed to load resource: the server responded with a status of 401 (Unauthorized) @ http://localhost/saas-ugc/api/track_time.php:0
[ 6060168ms] [ERROR] Failed to load resource: the server responded with a status of 401 (Unauthorized) @ http://localhost/saas-ugc/api/track_time.php:0
[ 6120154ms] [ERROR] Failed to load resource: the server responded with a status of 401 (Unauthorized) @ http://localhost/saas-ugc/api/track_time.php:0
[ 6150163ms] [ERROR] Failed to load resource: the server responded with a status of 401 (Unauthorized) @ http://localhost/saas-ugc/api/track_time.php:0
[ 6210448ms] [ERROR] Failed to load resource: the server responded with a status of 401 (Unauthorized) @ http://localhost/saas-ugc/api/track_time.php:0
[ 6269981ms] [ERROR] Failed to load resource: the server responded with a status of 401 (Unauthorized) @ http://localhost/saas-ugc/api/track_time.php:0
[ 6299982ms] [ERROR] Failed to load resource: the server responded with a status of 401 (Unauthorized) @ http://localhost/saas-ugc/api/track_time.php:0
[ 6359987ms] [ERROR] Failed to load resource: the server responded with a status of 401 (Unauthorized) @ http://localhost/saas-ugc/api/track_time.php:0
[ 6389987ms] [ERROR] Failed to load resource: the server responded with a status of 401 (Unauthorized) @ http://localhost/saas-ugc/api/track_time.php:0
[ 6449976ms] [ERROR] Failed to load resource: the server responded with a status of 401 (Unauthorized) @ http://localhost/saas-ugc/api/track_time.php:0
[ 6479985ms] [ERROR] Failed to load resource: the server responded with a status of 401 (Unauthorized) @ http://localhost/saas-ugc/api/track_time.php:0
[ 6509994ms] [ERROR] Failed to load resource: the server responded with a status of 401 (Unauthorized) @ http://localhost/saas-ugc/api/track_time.php:0
[ 6569981ms] [ERROR] Failed to load resource: the server responded with a status of 401 (Unauthorized) @ http://localhost/saas-ugc/api/track_time.php:0
[ 6599988ms] [ERROR] Failed to load resource: the server responded with a status of 401 (Unauthorized) @ http://localhost/saas-ugc/api/track_time.php:0
[ 6659987ms] [ERROR] Failed to load resource: the server responded with a status of 401 (Unauthorized) @ http://localhost/saas-ugc/api/track_time.php:0
[ 6719986ms] [ERROR] Failed to load resource: the server responded with a status of 401 (Unauthorized) @ http://localhost/saas-ugc/api/track_time.php:0
[ 6779973ms] [ERROR] Failed to load resource: the server responded with a status of 401 (Unauthorized) @ http://localhost/saas-ugc/api/track_time.php:0
[ 6809981ms] [ERROR] Failed to load resource: the server responded with a status of 401 (Unauthorized) @ http://localhost/saas-ugc/api/track_time.php:0
[ 6839981ms] [ERROR] Failed to load resource: the server responded with a status of 401 (Unauthorized) @ http://localhost/saas-ugc/api/track_time.php:0
[ 6869987ms] [ERROR] Failed to load resource: the server responded with a status of 401 (Unauthorized) @ http://localhost/saas-ugc/api/track_time.php:0
[ 6929984ms] [ERROR] Failed to load resource: the server responded with a status of 401 (Unauthorized) @ http://localhost/saas-ugc/api/track_time.php:0
[ 6989978ms] [ERROR] Failed to load resource: the server responded with a status of 401 (Unauthorized) @ http://localhost/saas-ugc/api/track_time.php:0
[ 7019993ms] [ERROR] Failed to load resource: the server responded with a status of 401 (Unauthorized) @ http://localhost/saas-ugc/api/track_time.php:0
[ 7079978ms] [ERROR] Failed to load resource: the server responded with a status of 401 (Unauthorized) @ http://localhost/saas-ugc/api/track_time.php:0
[ 7109980ms] [ERROR] Failed to load resource: the server responded with a status of 401 (Unauthorized) @ http://localhost/saas-ugc/api/track_time.php:0
[ 7169976ms] [ERROR] Failed to load resource: the server responded with a status of 401 (Unauthorized) @ http://localhost/saas-ugc/api/track_time.php:0
[ 7199978ms] [ERROR] Failed to load resource: the server responded with a status of 401 (Unauthorized) @ http://localhost/saas-ugc/api/track_time.php:0
[ 7229990ms] [ERROR] Failed to load resource: the server responded with a status of 401 (Unauthorized) @ http://localhost/saas-ugc/api/track_time.php:0
[ 7289974ms] [ERROR] Failed to load resource: the server responded with a status of 401 (Unauthorized) @ http://localhost/saas-ugc/api/track_time.php:0
[ 7319986ms] [ERROR] Failed to load resource: the server responded with a status of 401 (Unauthorized) @ http://localhost/saas-ugc/api/track_time.php:0
[ 7349987ms] [ERROR] Failed to load resource: the server responded with a status of 401 (Unauthorized) @ http://localhost/saas-ugc/api/track_time.php:0
[ 7409973ms] [ERROR] Failed to load resource: the server responded with a status of 401 (Unauthorized) @ http://localhost/saas-ugc/api/track_time.php:0
[ 7439973ms] [ERROR] Failed to load resource: the server responded with a status of 401 (Unauthorized) @ http://localhost/saas-ugc/api/track_time.php:0
[ 7469981ms] [ERROR] Failed to load resource: the server responded with a status of 401 (Unauthorized) @ http://localhost/saas-ugc/api/track_time.php:0
[ 7499986ms] [ERROR] Failed to load resource: the server responded with a status of 401 (Unauthorized) @ http://localhost/saas-ugc/api/track_time.php:0
[ 7559989ms] [ERROR] Failed to load resource: the server responded with a status of 401 (Unauthorized) @ http://localhost/saas-ugc/api/track_time.php:0
[ 7619982ms] [ERROR] Failed to load resource: the server responded with a status of 401 (Unauthorized) @ http://localhost/saas-ugc/api/track_time.php:0
[ 7679983ms] [ERROR] Failed to load resource: the server responded with a status of 401 (Unauthorized) @ http://localhost/saas-ugc/api/track_time.php:0
[ 7709983ms] [ERROR] Failed to load resource: the server responded with a status of 401 (Unauthorized) @ http://localhost/saas-ugc/api/track_time.php:0
[12132826ms] [ERROR] Failed to load resource: the server responded with a status of 401 (Unauthorized) @ http://localhost/saas-ugc/api/track_time.php:0
[12179821ms] [ERROR] Failed to load resource: the server responded with a status of 401 (Unauthorized) @ http://localhost/saas-ugc/api/track_time.php:0
[12209820ms] [ERROR] Failed to load resource: the server responded with a status of 401 (Unauthorized) @ http://localhost/saas-ugc/api/track_time.php:0
[12269828ms] [ERROR] Failed to load resource: the server responded with a status of 401 (Unauthorized) @ http://localhost/saas-ugc/api/track_time.php:0
[12329805ms] [ERROR] Failed to load resource: the server responded with a status of 401 (Unauthorized) @ http://localhost/saas-ugc/api/track_time.php:0
[12359807ms] [ERROR] Failed to load resource: the server responded with a status of 401 (Unauthorized) @ http://localhost/saas-ugc/api/track_time.php:0
[12389806ms] [ERROR] Failed to load resource: the server responded with a status of 401 (Unauthorized) @ http://localhost/saas-ugc/api/track_time.php:0
[12419825ms] [ERROR] Failed to load resource: the server responded with a status of 401 (Unauthorized) @ http://localhost/saas-ugc/api/track_time.php:0
[12479826ms] [ERROR] Failed to load resource: the server responded with a status of 401 (Unauthorized) @ http://localhost/saas-ugc/api/track_time.php:0
[12539811ms] [ERROR] Failed to load resource: the server responded with a status of 401 (Unauthorized) @ http://localhost/saas-ugc/api/track_time.php:0
[12569833ms] [ERROR] Failed to load resource: the server responded with a status of 401 (Unauthorized) @ http://localhost/saas-ugc/api/track_time.php:0
[12629818ms] [ERROR] Failed to load resource: the server responded with a status of 401 (Unauthorized) @ http://localhost/saas-ugc/api/track_time.php:0
[12659818ms] [ERROR] Failed to load resource: the server responded with a status of 401 (Unauthorized) @ http://localhost/saas-ugc/api/track_time.php:0
[12719812ms] [ERROR] Failed to load resource: the server responded with a status of 401 (Unauthorized) @ http://localhost/saas-ugc/api/track_time.php:0
[12749814ms] [ERROR] Failed to load resource: the server responded with a status of 401 (Unauthorized) @ http://localhost/saas-ugc/api/track_time.php:0
[12809818ms] [ERROR] Failed to load resource: the server responded with a status of 401 (Unauthorized) @ http://localhost/saas-ugc/api/track_time.php:0
[12869825ms] [ERROR] Failed to load resource: the server responded with a status of 401 (Unauthorized) @ http://localhost/saas-ugc/api/track_time.php:0
[12899820ms] [ERROR] Failed to load resource: the server responded with a status of 401 (Unauthorized) @ http://localhost/saas-ugc/api/track_time.php:0
[12959814ms] [ERROR] Failed to load resource: the server responded with a status of 401 (Unauthorized) @ http://localhost/saas-ugc/api/track_time.php:0
[12989831ms] [ERROR] Failed to load resource: the server responded with a status of 401 (Unauthorized) @ http://localhost/saas-ugc/api/track_time.php:0
[13049821ms] [ERROR] Failed to load resource: the server responded with a status of 401 (Unauthorized) @ http://localhost/saas-ugc/api/track_time.php:0
[13079814ms] [ERROR] Failed to load resource: the server responded with a status of 401 (Unauthorized) @ http://localhost/saas-ugc/api/track_time.php:0
[13139809ms] [ERROR] Failed to load resource: the server responded with a status of 401 (Unauthorized) @ http://localhost/saas-ugc/api/track_time.php:0
[13169816ms] [ERROR] Failed to load resource: the server responded with a status of 401 (Unauthorized) @ http://localhost/saas-ugc/api/track_time.php:0
[13229821ms] [ERROR] Failed to load resource: the server responded with a status of 401 (Unauthorized) @ http://localhost/saas-ugc/api/track_time.php:0
[13259824ms] [ERROR] Failed to load resource: the server responded with a status of 401 (Unauthorized) @ http://localhost/saas-ugc/api/track_time.php:0
[13319817ms] [ERROR] Failed to load resource: the server responded with a status of 401 (Unauthorized) @ http://localhost/saas-ugc/api/track_time.php:0
[13349819ms] [ERROR] Failed to load resource: the server responded with a status of 401 (Unauthorized) @ http://localhost/saas-ugc/api/track_time.php:0
[13409824ms] [ERROR] Failed to load resource: the server responded with a status of 401 (Unauthorized) @ http://localhost/saas-ugc/api/track_time.php:0
[13469817ms] [ERROR] Failed to load resource: the server responded with a status of 401 (Unauthorized) @ http://localhost/saas-ugc/api/track_time.php:0
[13499821ms] [ERROR] Failed to load resource: the server responded with a status of 401 (Unauthorized) @ http://localhost/saas-ugc/api/track_time.php:0
[13559820ms] [ERROR] Failed to load resource: the server responded with a status of 401 (Unauthorized) @ http://localhost/saas-ugc/api/track_time.php:0
[13589809ms] [ERROR] Failed to load resource: the server responded with a status of 401 (Unauthorized) @ http://localhost/saas-ugc/api/track_time.php:0
[13619807ms] [ERROR] Failed to load resource: the server responded with a status of 401 (Unauthorized) @ http://localhost/saas-ugc/api/track_time.php:0
[13649818ms] [ERROR] Failed to load resource: the server responded with a status of 401 (Unauthorized) @ http://localhost/saas-ugc/api/track_time.php:0
[13709809ms] [ERROR] Failed to load resource: the server responded with a status of 401 (Unauthorized) @ http://localhost/saas-ugc/api/track_time.php:0
[13739811ms] [ERROR] Failed to load resource: the server responded with a status of 401 (Unauthorized) @ http://localhost/saas-ugc/api/track_time.php:0
[13769817ms] [ERROR] Failed to load resource: the server responded with a status of 401 (Unauthorized) @ http://localhost/saas-ugc/api/track_time.php:0
[13829804ms] [ERROR] Failed to load resource: the server responded with a status of 401 (Unauthorized) @ http://localhost/saas-ugc/api/track_time.php:0
[13859805ms] [ERROR] Failed to load resource: the server responded with a status of 401 (Unauthorized) @ http://localhost/saas-ugc/api/track_time.php:0
[13919799ms] [ERROR] Failed to load resource: the server responded with a status of 401 (Unauthorized) @ http://localhost/saas-ugc/api/track_time.php:0
[13949809ms] [ERROR] Failed to load resource: the server responded with a status of 401 (Unauthorized) @ http://localhost/saas-ugc/api/track_time.php:0
[14009813ms] [ERROR] Failed to load resource: the server responded with a status of 401 (Unauthorized) @ http://localhost/saas-ugc/api/track_time.php:0
[14069808ms] [ERROR] Failed to load resource: the server responded with a status of 401 (Unauthorized) @ http://localhost/saas-ugc/api/track_time.php:0
[14099809ms] [ERROR] Failed to load resource: the server responded with a status of 401 (Unauthorized) @ http://localhost/saas-ugc/api/track_time.php:0
[14159814ms] [ERROR] Failed to load resource: the server responded with a status of 401 (Unauthorized) @ http://localhost/saas-ugc/api/track_time.php:0
[14219802ms] [ERROR] Failed to load resource: the server responded with a status of 401 (Unauthorized) @ http://localhost/saas-ugc/api/track_time.php:0
[14249810ms] [ERROR] Failed to load resource: the server responded with a status of 401 (Unauthorized) @ http://localhost/saas-ugc/api/track_time.php:0
[14309804ms] [ERROR] Failed to load resource: the server responded with a status of 401 (Unauthorized) @ http://localhost/saas-ugc/api/track_time.php:0
[14339806ms] [ERROR] Failed to load resource: the server responded with a status of 401 (Unauthorized) @ http://localhost/saas-ugc/api/track_time.php:0
[14369811ms] [ERROR] Failed to load resource: the server responded with a status of 401 (Unauthorized) @ http://localhost/saas-ugc/api/track_time.php:0
[14429802ms] [ERROR] Failed to load resource: the server responded with a status of 401 (Unauthorized) @ http://localhost/saas-ugc/api/track_time.php:0
[14489811ms] [ERROR] Failed to load resource: the server responded with a status of 401 (Unauthorized) @ http://localhost/saas-ugc/api/track_time.php:0
[14549803ms] [ERROR] Failed to load resource: the server responded with a status of 401 (Unauthorized) @ http://localhost/saas-ugc/api/track_time.php:0
[14609813ms] [ERROR] Failed to load resource: the server responded with a status of 401 (Unauthorized) @ http://localhost/saas-ugc/api/track_time.php:0
[14669799ms] [ERROR] Failed to load resource: the server responded with a status of 401 (Unauthorized) @ http://localhost/saas-ugc/api/track_time.php:0
[14699801ms] [ERROR] Failed to load resource: the server responded with a status of 401 (Unauthorized) @ http://localhost/saas-ugc/api/track_time.php:0
[14729806ms] [ERROR] Failed to load resource: the server responded with a status of 401 (Unauthorized) @ http://localhost/saas-ugc/api/track_time.php:0
[14759819ms] [ERROR] Failed to load resource: the server responded with a status of 401 (Unauthorized) @ http://localhost/saas-ugc/api/track_time.php:0
[14789816ms] [ERROR] Failed to load resource: the server responded with a status of 401 (Unauthorized) @ http://localhost/saas-ugc/api/track_time.php:0
[14819814ms] [ERROR] Failed to load resource: the server responded with a status of 401 (Unauthorized) @ http://localhost/saas-ugc/api/track_time.php:0
[14879813ms] [ERROR] Failed to load resource: the server responded with a status of 401 (Unauthorized) @ http://localhost/saas-ugc/api/track_time.php:0
[14909810ms] [ERROR] Failed to load resource: the server responded with a status of 401 (Unauthorized) @ http://localhost/saas-ugc/api/track_time.php:0
[14969806ms] [ERROR] Failed to load resource: the server responded with a status of 401 (Unauthorized) @ http://localhost/saas-ugc/api/track_time.php:0
[15029801ms] [ERROR] Failed to load resource: the server responded with a status of 401 (Unauthorized) @ http://localhost/saas-ugc/api/track_time.php:0
[15059804ms] [ERROR] Failed to load resource: the server responded with a status of 401 (Unauthorized) @ http://localhost/saas-ugc/api/track_time.php:0
[15119808ms] [ERROR] Failed to load resource: the server responded with a status of 401 (Unauthorized) @ http://localhost/saas-ugc/api/track_time.php:0
[15149811ms] [ERROR] Failed to load resource: the server responded with a status of 401 (Unauthorized) @ http://localhost/saas-ugc/api/track_time.php:0
[15209801ms] [ERROR] Failed to load resource: the server responded with a status of 401 (Unauthorized) @ http://localhost/saas-ugc/api/track_time.php:0
[15239806ms] [ERROR] Failed to load resource: the server responded with a status of 401 (Unauthorized) @ http://localhost/saas-ugc/api/track_time.php:0
[15269815ms] [ERROR] Failed to load resource: the server responded with a status of 401 (Unauthorized) @ http://localhost/saas-ugc/api/track_time.php:0
[15299814ms] [ERROR] Failed to load resource: the server responded with a status of 401 (Unauthorized) @ http://localhost/saas-ugc/api/track_time.php:0
[15359811ms] [ERROR] Failed to load resource: the server responded with a status of 401 (Unauthorized) @ http://localhost/saas-ugc/api/track_time.php:0
[15389808ms] [ERROR] Failed to load resource: the server responded with a status of 401 (Unauthorized) @ http://localhost/saas-ugc/api/track_time.php:0
[15449813ms] [ERROR] Failed to load resource: the server responded with a status of 401 (Unauthorized) @ http://localhost/saas-ugc/api/track_time.php:0
[15479811ms] [ERROR] Failed to load resource: the server responded with a status of 401 (Unauthorized) @ http://localhost/saas-ugc/api/track_time.php:0
[15539819ms] [ERROR] Failed to load resource: the server responded with a status of 401 (Unauthorized) @ http://localhost/saas-ugc/api/track_time.php:0
[15569812ms] [ERROR] Failed to load resource: the server responded with a status of 401 (Unauthorized) @ http://localhost/saas-ugc/api/track_time.php:0
[15629798ms] [ERROR] Failed to load resource: the server responded with a status of 401 (Unauthorized) @ http://localhost/saas-ugc/api/track_time.php:0
[15659798ms] [ERROR] Failed to load resource: the server responded with a status of 401 (Unauthorized) @ http://localhost/saas-ugc/api/track_time.php:0
[15689820ms] [ERROR] Failed to load resource: the server responded with a status of 401 (Unauthorized) @ http://localhost/saas-ugc/api/track_time.php:0
[15749813ms] [ERROR] Failed to load resource: the server responded with a status of 401 (Unauthorized) @ http://localhost/saas-ugc/api/track_time.php:0
[15779814ms] [ERROR] Failed to load resource: the server responded with a status of 401 (Unauthorized) @ http://localhost/saas-ugc/api/track_time.php:0
[15839814ms] [ERROR] Failed to load resource: the server responded with a status of 401 (Unauthorized) @ http://localhost/saas-ugc/api/track_time.php:0
[15899808ms] [ERROR] Failed to load resource: the server responded with a status of 401 (Unauthorized) @ http://localhost/saas-ugc/api/track_time.php:0
[15929806ms] [ERROR] Failed to load resource: the server responded with a status of 401 (Unauthorized) @ http://localhost/saas-ugc/api/track_time.php:0
[15959812ms] [ERROR] Failed to load resource: the server responded with a status of 401 (Unauthorized) @ http://localhost/saas-ugc/api/track_time.php:0
[16019812ms] [ERROR] Failed to load resource: the server responded with a status of 401 (Unauthorized) @ http://localhost/saas-ugc/api/track_time.php:0
[16049810ms] [ERROR] Failed to load resource: the server responded with a status of 401 (Unauthorized) @ http://localhost/saas-ugc/api/track_time.php:0
[16109807ms] [ERROR] Failed to load resource: the server responded with a status of 401 (Unauthorized) @ http://localhost/saas-ugc/api/track_time.php:0
[16139816ms] [ERROR] Failed to load resource: the server responded with a status of 401 (Unauthorized) @ http://localhost/saas-ugc/api/track_time.php:0
[16199817ms] [ERROR] Failed to load resource: the server responded with a status of 401 (Unauthorized) @ http://localhost/saas-ugc/api/track_time.php:0
[16229814ms] [ERROR] Failed to load resource: the server responded with a status of 401 (Unauthorized) @ http://localhost/saas-ugc/api/track_time.php:0
[96465762ms] [ERROR] Failed to load resource: the server responded with a status of 401 (Unauthorized) @ http://localhost/saas-ugc/api/track_time.php:0
[96509639ms] [ERROR] Failed to load resource: the server responded with a status of 401 (Unauthorized) @ http://localhost/saas-ugc/api/track_time.php:0
[96539648ms] [ERROR] Failed to load resource: the server responded with a status of 401 (Unauthorized) @ http://localhost/saas-ugc/api/track_time.php:0
[96569649ms] [ERROR] Failed to load resource: the server responded with a status of 401 (Unauthorized) @ http://localhost/saas-ugc/api/track_time.php:0
[96629634ms] [ERROR] Failed to load resource: the server responded with a status of 401 (Unauthorized) @ http://localhost/saas-ugc/api/track_time.php:0
[96689642ms] [ERROR] Failed to load resource: the server responded with a status of 401 (Unauthorized) @ http://localhost/saas-ugc/api/track_time.php:0
[96719653ms] [ERROR] Failed to load resource: the server responded with a status of 401 (Unauthorized) @ http://localhost/saas-ugc/api/track_time.php:0
[96779646ms] [ERROR] Failed to load resource: the server responded with a status of 401 (Unauthorized) @ http://localhost/saas-ugc/api/track_time.php:0
[96809635ms] [ERROR] Failed to load resource: the server responded with a status of 401 (Unauthorized) @ http://localhost/saas-ugc/api/track_time.php:0
[96839660ms] [ERROR] Failed to load resource: the server responded with a status of 401 (Unauthorized) @ http://localhost/saas-ugc/api/track_time.php:0
[96899631ms] [ERROR] Failed to load resource: the server responded with a status of 401 (Unauthorized) @ http://localhost/saas-ugc/api/track_time.php:0
[96929630ms] [ERROR] Failed to load resource: the server responded with a status of 401 (Unauthorized) @ http://localhost/saas-ugc/api/track_time.php:0
[96989644ms] [ERROR] Failed to load resource: the server responded with a status of 401 (Unauthorized) @ http://localhost/saas-ugc/api/track_time.php:0
[97049630ms] [ERROR] Failed to load resource: the server responded with a status of 401 (Unauthorized) @ http://localhost/saas-ugc/api/track_time.php:0
[97079631ms] [ERROR] Failed to load resource: the server responded with a status of 401 (Unauthorized) @ http://localhost/saas-ugc/api/track_time.php:0
[97109635ms] [ERROR] Failed to load resource: the server responded with a status of 401 (Unauthorized) @ http://localhost/saas-ugc/api/track_time.php:0
[97140163ms] [ERROR] Failed to load resource: the server responded with a status of 401 (Unauthorized) @ http://localhost/saas-ugc/api/track_time.php:0
[97169658ms] [ERROR] Failed to load resource: the server responded with a status of 401 (Unauthorized) @ http://localhost/saas-ugc/api/track_time.php:0
[97229646ms] [ERROR] Failed to load resource: the server responded with a status of 401 (Unauthorized) @ http://localhost/saas-ugc/api/track_time.php:0
[97289633ms] [ERROR] Failed to load resource: the server responded with a status of 401 (Unauthorized) @ http://localhost/saas-ugc/api/track_time.php:0
[97319639ms] [ERROR] Failed to load resource: the server responded with a status of 401 (Unauthorized) @ http://localhost/saas-ugc/api/track_time.php:0
[97379640ms] [ERROR] Failed to load resource: the server responded with a status of 401 (Unauthorized) @ http://localhost/saas-ugc/api/track_time.php:0
[97409641ms] [ERROR] Failed to load resource: the server responded with a status of 401 (Unauthorized) @ http://localhost/saas-ugc/api/track_time.php:0
[97469713ms] [ERROR] Failed to load resource: the server responded with a status of 401 (Unauthorized) @ http://localhost/saas-ugc/api/track_time.php:0
[97529640ms] [ERROR] Failed to load resource: the server responded with a status of 401 (Unauthorized) @ http://localhost/saas-ugc/api/track_time.php:0
[97559641ms] [ERROR] Failed to load resource: the server responded with a status of 401 (Unauthorized) @ http://localhost/saas-ugc/api/track_time.php:0
[97619655ms] [ERROR] Failed to load resource: the server responded with a status of 401 (Unauthorized) @ http://localhost/saas-ugc/api/track_time.php:0
[97679648ms] [ERROR] Failed to load resource: the server responded with a status of 401 (Unauthorized) @ http://localhost/saas-ugc/api/track_time.php:0
[97709645ms] [ERROR] Failed to load resource: the server responded with a status of 401 (Unauthorized) @ http://localhost/saas-ugc/api/track_time.php:0
[97769646ms] [ERROR] Failed to load resource: the server responded with a status of 401 (Unauthorized) @ http://localhost/saas-ugc/api/track_time.php:0
[97829647ms] [ERROR] Failed to load resource: the server responded with a status of 401 (Unauthorized) @ http://localhost/saas-ugc/api/track_time.php:0
[97859643ms] [ERROR] Failed to load resource: the server responded with a status of 401 (Unauthorized) @ http://localhost/saas-ugc/api/track_time.php:0
[97889647ms] [ERROR] Failed to load resource: the server responded with a status of 401 (Unauthorized) @ http://localhost/saas-ugc/api/track_time.php:0
[97949736ms] [ERROR] Failed to load resource: the server responded with a status of 401 (Unauthorized) @ http://localhost/saas-ugc/api/track_time.php:0
[98009650ms] [ERROR] Failed to load resource: the server responded with a status of 401 (Unauthorized) @ http://localhost/saas-ugc/api/track_time.php:0
[98039644ms] [ERROR] Failed to load resource: the server responded with a status of 401 (Unauthorized) @ http://localhost/saas-ugc/api/track_time.php:0
[98099654ms] [ERROR] Failed to load resource: the server responded with a status of 401 (Unauthorized) @ http://localhost/saas-ugc/api/track_time.php:0
[98129643ms] [ERROR] Failed to load resource: the server responded with a status of 401 (Unauthorized) @ http://localhost/saas-ugc/api/track_time.php:0
[98189653ms] [ERROR] Failed to load resource: the server responded with a status of 401 (Unauthorized) @ http://localhost/saas-ugc/api/track_time.php:0
[98249635ms] [ERROR] Failed to load resource: the server responded with a status of 401 (Unauthorized) @ http://localhost/saas-ugc/api/track_time.php:0
[98279645ms] [ERROR] Failed to load resource: the server responded with a status of 401 (Unauthorized) @ http://localhost/saas-ugc/api/track_time.php:0
[98309651ms] [ERROR] Failed to load resource: the server responded with a status of 401 (Unauthorized) @ http://localhost/saas-ugc/api/track_time.php:0
[98369638ms] [ERROR] Failed to load resource: the server responded with a status of 401 (Unauthorized) @ http://localhost/saas-ugc/api/track_time.php:0
[98399640ms] [ERROR] Failed to load resource: the server responded with a status of 401 (Unauthorized) @ http://localhost/saas-ugc/api/track_time.php:0
[98459626ms] [ERROR] Failed to load resource: the server responded with a status of 401 (Unauthorized) @ http://localhost/saas-ugc/api/track_time.php:0
[98489637ms] [ERROR] Failed to load resource: the server responded with a status of 401 (Unauthorized) @ http://localhost/saas-ugc/api/track_time.php:0
[98519640ms] [ERROR] Failed to load resource: the server responded with a status of 401 (Unauthorized) @ http://localhost/saas-ugc/api/track_time.php:0
[98579660ms] [ERROR] Failed to load resource: the server responded with a status of 401 (Unauthorized) @ http://localhost/saas-ugc/api/track_time.php:0
[98609641ms] [ERROR] Failed to load resource: the server responded with a status of 401 (Unauthorized) @ http://localhost/saas-ugc/api/track_time.php:0
[98639643ms] [ERROR] Failed to load resource: the server responded with a status of 401 (Unauthorized) @ http://localhost/saas-ugc/api/track_time.php:0
[98669648ms] [ERROR] Failed to load resource: the server responded with a status of 401 (Unauthorized) @ http://localhost/saas-ugc/api/track_time.php:0
[98729635ms] [ERROR] Failed to load resource: the server responded with a status of 401 (Unauthorized) @ http://localhost/saas-ugc/api/track_time.php:0
[98789639ms] [ERROR] Failed to load resource: the server responded with a status of 401 (Unauthorized) @ http://localhost/saas-ugc/api/track_time.php:0
[98819653ms] [ERROR] Failed to load resource: the server responded with a status of 401 (Unauthorized) @ http://localhost/saas-ugc/api/track_time.php:0
[98879638ms] [ERROR] Failed to load resource: the server responded with a status of 401 (Unauthorized) @ http://localhost/saas-ugc/api/track_time.php:0
[98909650ms] [ERROR] Failed to load resource: the server responded with a status of 401 (Unauthorized) @ http://localhost/saas-ugc/api/track_time.php:0
[98969653ms] [ERROR] Failed to load resource: the server responded with a status of 401 (Unauthorized) @ http://localhost/saas-ugc/api/track_time.php:0
[98999646ms] [ERROR] Failed to load resource: the server responded with a status of 401 (Unauthorized) @ http://localhost/saas-ugc/api/track_time.php:0
[99059635ms] [ERROR] Failed to load resource: the server responded with a status of 401 (Unauthorized) @ http://localhost/saas-ugc/api/track_time.php:0
[99089647ms] [ERROR] Failed to load resource: the server responded with a status of 401 (Unauthorized) @ http://localhost/saas-ugc/api/track_time.php:0
[99149648ms] [ERROR] Failed to load resource: the server responded with a status of 401 (Unauthorized) @ http://localhost/saas-ugc/api/track_time.php:0
[99179653ms] [ERROR] Failed to load resource: the server responded with a status of 401 (Unauthorized) @ http://localhost/saas-ugc/api/track_time.php:0
[99239635ms] [ERROR] Failed to load resource: the server responded with a status of 401 (Unauthorized) @ http://localhost/saas-ugc/api/track_time.php:0
[99269641ms] [ERROR] Failed to load resource: the server responded with a status of 401 (Unauthorized) @ http://localhost/saas-ugc/api/track_time.php:0
[99329642ms] [ERROR] Failed to load resource: the server responded with a status of 401 (Unauthorized) @ http://localhost/saas-ugc/api/track_time.php:0
[99359640ms] [ERROR] Failed to load resource: the server responded with a status of 401 (Unauthorized) @ http://localhost/saas-ugc/api/track_time.php:0
[99419638ms] [ERROR] Failed to load resource: the server responded with a status of 401 (Unauthorized) @ http://localhost/saas-ugc/api/track_time.php:0
[99449657ms] [ERROR] Failed to load resource: the server responded with a status of 401 (Unauthorized) @ http://localhost/saas-ugc/api/track_time.php:0
[99509631ms] [ERROR] Failed to load resource: the server responded with a status of 401 (Unauthorized) @ http://localhost/saas-ugc/api/track_time.php:0
[99539641ms] [ERROR] Failed to load resource: the server responded with a status of 401 (Unauthorized) @ http://localhost/saas-ugc/api/track_time.php:0
[99599641ms] [ERROR] Failed to load resource: the server responded with a status of 401 (Unauthorized) @ http://localhost/saas-ugc/api/track_time.php:0
[99659627ms] [ERROR] Failed to load resource: the server responded with a status of 401 (Unauthorized) @ http://localhost/saas-ugc/api/track_time.php:0
[99689639ms] [ERROR] Failed to load resource: the server responded with a status of 401 (Unauthorized) @ http://localhost/saas-ugc/api/track_time.php:0
[99749638ms] [ERROR] Failed to load resource: the server responded with a status of 401 (Unauthorized) @ http://localhost/saas-ugc/api/track_time.php:0
[99809630ms] [ERROR] Failed to load resource: the server responded with a status of 401 (Unauthorized) @ http://localhost/saas-ugc/api/track_time.php:0
[99839634ms] [ERROR] Failed to load resource: the server responded with a status of 401 (Unauthorized) @ http://localhost/saas-ugc/api/track_time.php:0
[99899630ms] [ERROR] Failed to load resource: the server responded with a status of 401 (Unauthorized) @ http://localhost/saas-ugc/api/track_time.php:0
[99929637ms] [ERROR] Failed to load resource: the server responded with a status of 401 (Unauthorized) @ http://localhost/saas-ugc/api/track_time.php:0
[99989640ms] [ERROR] Failed to load resource: the server responded with a status of 401 (Unauthorized) @ http://localhost/saas-ugc/api/track_time.php:0
[100049634ms] [ERROR] Failed to load resource: the server responded with a status of 401 (Unauthorized) @ http://localhost/saas-ugc/api/track_time.php:0
[100109637ms] [ERROR] Failed to load resource: the server responded with a status of 401 (Unauthorized) @ http://localhost/saas-ugc/api/track_time.php:0
[100169633ms] [ERROR] Failed to load resource: the server responded with a status of 401 (Unauthorized) @ http://localhost/saas-ugc/api/track_time.php:0
[100199640ms] [ERROR] Failed to load resource: the server responded with a status of 401 (Unauthorized) @ http://localhost/saas-ugc/api/track_time.php:0
[100259639ms] [ERROR] Failed to load resource: the server responded with a status of 401 (Unauthorized) @ http://localhost/saas-ugc/api/track_time.php:0
[100319630ms] [ERROR] Failed to load resource: the server responded with a status of 401 (Unauthorized) @ http://localhost/saas-ugc/api/track_time.php:0
[100349635ms] [ERROR] Failed to load resource: the server responded with a status of 401 (Unauthorized) @ http://localhost/saas-ugc/api/track_time.php:0
[100379636ms] [ERROR] Failed to load resource: the server responded with a status of 401 (Unauthorized) @ http://localhost/saas-ugc/api/track_time.php:0
[100439639ms] [ERROR] Failed to load resource: the server responded with a status of 401 (Unauthorized) @ http://localhost/saas-ugc/api/track_time.php:0
[100499627ms] [ERROR] Failed to load resource: the server responded with a status of 401 (Unauthorized) @ http://localhost/saas-ugc/api/track_time.php:0
[100529640ms] [ERROR] Failed to load resource: the server responded with a status of 401 (Unauthorized) @ http://localhost/saas-ugc/api/track_time.php:0
[100589634ms] [ERROR] Failed to load resource: the server responded with a status of 401 (Unauthorized) @ http://localhost/saas-ugc/api/track_time.php:0
[100649632ms] [ERROR] Failed to load resource: the server responded with a status of 401 (Unauthorized) @ http://localhost/saas-ugc/api/track_time.php:0
[100679641ms] [ERROR] Failed to load resource: the server responded with a status of 401 (Unauthorized) @ http://localhost/saas-ugc/api/track_time.php:0
[100709646ms] [ERROR] Failed to load resource: the server responded with a status of 401 (Unauthorized) @ http://localhost/saas-ugc/api/track_time.php:0
[100769639ms] [ERROR] Failed to load resource: the server responded with a status of 401 (Unauthorized) @ http://localhost/saas-ugc/api/track_time.php:0
[100799639ms] [ERROR] Failed to load resource: the server responded with a status of 401 (Unauthorized) @ http://localhost/saas-ugc/api/track_time.php:0
[100859630ms] [ERROR] Failed to load resource: the server responded with a status of 401 (Unauthorized) @ http://localhost/saas-ugc/api/track_time.php:0
[100889641ms] [ERROR] Failed to load resource: the server responded with a status of 401 (Unauthorized) @ http://localhost/saas-ugc/api/track_time.php:0
[100949631ms] [ERROR] Failed to load resource: the server responded with a status of 401 (Unauthorized) @ http://localhost/saas-ugc/api/track_time.php:0
[100979635ms] [ERROR] Failed to load resource: the server responded with a status of 401 (Unauthorized) @ http://localhost/saas-ugc/api/track_time.php:0
[101039633ms] [ERROR] Failed to load resource: the server responded with a status of 401 (Unauthorized) @ http://localhost/saas-ugc/api/track_time.php:0
[101099638ms] [ERROR] Failed to load resource: the server responded with a status of 401 (Unauthorized) @ http://localhost/saas-ugc/api/track_time.php:0
[101159765ms] [ERROR] Failed to load resource: the server responded with a status of 401 (Unauthorized) @ http://localhost/saas-ugc/api/track_time.php:0
[101189635ms] [ERROR] Failed to load resource: the server responded with a status of 401 (Unauthorized) @ http://localhost/saas-ugc/api/track_time.php:0
[101249631ms] [ERROR] Failed to load resource: the server responded with a status of 401 (Unauthorized) @ http://localhost/saas-ugc/api/track_time.php:0
[101309632ms] [ERROR] Failed to load resource: the server responded with a status of 401 (Unauthorized) @ http://localhost/saas-ugc/api/track_time.php:0
[101369629ms] [ERROR] Failed to load resource: the server responded with a status of 401 (Unauthorized) @ http://localhost/saas-ugc/api/track_time.php:0
[101429636ms] [ERROR] Failed to load resource: the server responded with a status of 401 (Unauthorized) @ http://localhost/saas-ugc/api/track_time.php:0
[101489640ms] [ERROR] Failed to load resource: the server responded with a status of 401 (Unauthorized) @ http://localhost/saas-ugc/api/track_time.php:0
[101549635ms] [ERROR] Failed to load resource: the server responded with a status of 401 (Unauthorized) @ http://localhost/saas-ugc/api/track_time.php:0
[101609630ms] [ERROR] Failed to load resource: the server responded with a status of 401 (Unauthorized) @ http://localhost/saas-ugc/api/track_time.php:0
[101639634ms] [ERROR] Failed to load resource: the server responded with a status of 401 (Unauthorized) @ http://localhost/saas-ugc/api/track_time.php:0
[101699637ms] [ERROR] Failed to load resource: the server responded with a status of 401 (Unauthorized) @ http://localhost/saas-ugc/api/track_time.php:0
[101759636ms] [ERROR] Failed to load resource: the server responded with a status of 401 (Unauthorized) @ http://localhost/saas-ugc/api/track_time.php:0
[101789628ms] [ERROR] Failed to load resource: the server responded with a status of 401 (Unauthorized) @ http://localhost/saas-ugc/api/track_time.php:0
[101849632ms] [ERROR] Failed to load resource: the server responded with a status of 401 (Unauthorized) @ http://localhost/saas-ugc/api/track_time.php:0
[101909631ms] [ERROR] Failed to load resource: the server responded with a status of 401 (Unauthorized) @ http://localhost/saas-ugc/api/track_time.php:0
[101939629ms] [ERROR] Failed to load resource: the server responded with a status of 401 (Unauthorized) @ http://localhost/saas-ugc/api/track_time.php:0
[101969634ms] [ERROR] Failed to load resource: the server responded with a status of 401 (Unauthorized) @ http://localhost/saas-ugc/api/track_time.php:0
[101999637ms] [ERROR] Failed to load resource: the server responded with a status of 401 (Unauthorized) @ http://localhost/saas-ugc/api/track_time.php:0
[102059636ms] [ERROR] Failed to load resource: the server responded with a status of 401 (Unauthorized) @ http://localhost/saas-ugc/api/track_time.php:0
[102089634ms] [ERROR] Failed to load resource: the server responded with a status of 401 (Unauthorized) @ http://localhost/saas-ugc/api/track_time.php:0
[102149636ms] [ERROR] Failed to load resource: the server responded with a status of 401 (Unauthorized) @ http://localhost/saas-ugc/api/track_time.php:0
[102209629ms] [ERROR] Failed to load resource: the server responded with a status of 401 (Unauthorized) @ http://localhost/saas-ugc/api/track_time.php:0
[102239628ms] [ERROR] Failed to load resource: the server responded with a status of 401 (Unauthorized) @ http://localhost/saas-ugc/api/track_time.php:0
[102269635ms] [ERROR] Failed to load resource: the server responded with a status of 401 (Unauthorized) @ http://localhost/saas-ugc/api/track_time.php:0
[102299630ms] [ERROR] Failed to load resource: the server responded with a status of 401 (Unauthorized) @ http://localhost/saas-ugc/api/track_time.php:0
[102329635ms] [ERROR] Failed to load resource: the server responded with a status of 401 (Unauthorized) @ http://localhost/saas-ugc/api/track_time.php:0
[102389633ms] [ERROR] Failed to load resource: the server responded with a status of 401 (Unauthorized) @ http://localhost/saas-ugc/api/track_time.php:0
[102419637ms] [ERROR] Failed to load resource: the server responded with a status of 401 (Unauthorized) @ http://localhost/saas-ugc/api/track_time.php:0
[102479634ms] [ERROR] Failed to load resource: the server responded with a status of 401 (Unauthorized) @ http://localhost/saas-ugc/api/track_time.php:0
[102509639ms] [ERROR] Failed to load resource: the server responded with a status of 401 (Unauthorized) @ http://localhost/saas-ugc/api/track_time.php:0
[102539838ms] [ERROR] Failed to load resource: the server responded with a status of 401 (Unauthorized) @ http://localhost/saas-ugc/api/track_time.php:0
[102599631ms] [ERROR] Failed to load resource: the server responded with a status of 401 (Unauthorized) @ http://localhost/saas-ugc/api/track_time.php:0
[102629638ms] [ERROR] Failed to load resource: the server responded with a status of 401 (Unauthorized) @ http://localhost/saas-ugc/api/track_time.php:0
[102659630ms] [ERROR] Failed to load resource: the server responded with a status of 401 (Unauthorized) @ http://localhost/saas-ugc/api/track_time.php:0
[102719636ms] [ERROR] Failed to load resource: the server responded with a status of 401 (Unauthorized) @ http://localhost/saas-ugc/api/track_time.php:0
[102749633ms] [ERROR] Failed to load resource: the server responded with a status of 401 (Unauthorized) @ http://localhost/saas-ugc/api/track_time.php:0
[102809639ms] [ERROR] Failed to load resource: the server responded with a status of 401 (Unauthorized) @ http://localhost/saas-ugc/api/track_time.php:0
[102869632ms] [ERROR] Failed to load resource: the server responded with a status of 401 (Unauthorized) @ http://localhost/saas-ugc/api/track_time.php:0
[102929627ms] [ERROR] Failed to load resource: the server responded with a status of 401 (Unauthorized) @ http://localhost/saas-ugc/api/track_time.php:0
[102959635ms] [ERROR] Failed to load resource: the server responded with a status of 401 (Unauthorized) @ http://localhost/saas-ugc/api/track_time.php:0
[103019636ms] [ERROR] Failed to load resource: the server responded with a status of 401 (Unauthorized) @ http://localhost/saas-ugc/api/track_time.php:0
[103079633ms] [ERROR] Failed to load resource: the server responded with a status of 401 (Unauthorized) @ http://localhost/saas-ugc/api/track_time.php:0
[103109635ms] [ERROR] Failed to load resource: the server responded with a status of 401 (Unauthorized) @ http://localhost/saas-ugc/api/track_time.php:0
[103169636ms] [ERROR] Failed to load resource: the server responded with a status of 401 (Unauthorized) @ http://localhost/saas-ugc/api/track_time.php:0
[103229633ms] [ERROR] Failed to load resource: the server responded with a status of 401 (Unauthorized) @ http://localhost/saas-ugc/api/track_time.php:0
[103289638ms] [ERROR] Failed to load resource: the server responded with a status of 401 (Unauthorized) @ http://localhost/saas-ugc/api/track_time.php:0
[103349628ms] [ERROR] Failed to load resource: the server responded with a status of 401 (Unauthorized) @ http://localhost/saas-ugc/api/track_time.php:0
[103379627ms] [ERROR] Failed to load resource: the server responded with a status of 401 (Unauthorized) @ http://localhost/saas-ugc/api/track_time.php:0
[103409635ms] [ERROR] Failed to load resource: the server responded with a status of 401 (Unauthorized) @ http://localhost/saas-ugc/api/track_time.php:0
[103469636ms] [ERROR] Failed to load resource: the server responded with a status of 401 (Unauthorized) @ http://localhost/saas-ugc/api/track_time.php:0
[103529630ms] [ERROR] Failed to load resource: the server responded with a status of 401 (Unauthorized) @ http://localhost/saas-ugc/api/track_time.php:0
[103589623ms] [ERROR] Failed to load resource: the server responded with a status of 401 (Unauthorized) @ http://localhost/saas-ugc/api/track_time.php:0
[103619621ms] [ERROR] Failed to load resource: the server responded with a status of 401 (Unauthorized) @ http://localhost/saas-ugc/api/track_time.php:0
[103649626ms] [ERROR] Failed to load resource: the server responded with a status of 401 (Unauthorized) @ http://localhost/saas-ugc/api/track_time.php:0
[103679630ms] [ERROR] Failed to load resource: the server responded with a status of 401 (Unauthorized) @ http://localhost/saas-ugc/api/track_time.php:0
[103709635ms] [ERROR] Failed to load resource: the server responded with a status of 401 (Unauthorized) @ http://localhost/saas-ugc/api/track_time.php:0
[103769636ms] [ERROR] Failed to load resource: the server responded with a status of 401 (Unauthorized) @ http://localhost/saas-ugc/api/track_time.php:0
[103799633ms] [ERROR] Failed to load resource: the server responded with a status of 401 (Unauthorized) @ http://localhost/saas-ugc/api/track_time.php:0
[103859632ms] [ERROR] Failed to load resource: the server responded with a status of 401 (Unauthorized) @ http://localhost/saas-ugc/api/track_time.php:0
[103889635ms] [ERROR] Failed to load resource: the server responded with a status of 401 (Unauthorized) @ http://localhost/saas-ugc/api/track_time.php:0
[103919637ms] [ERROR] Failed to load resource: the server responded with a status of 401 (Unauthorized) @ http://localhost/saas-ugc/api/track_time.php:0
[103979626ms] [ERROR] Failed to load resource: the server responded with a status of 401 (Unauthorized) @ http://localhost/saas-ugc/api/track_time.php:0
[104009635ms] [ERROR] Failed to load resource: the server responded with a status of 401 (Unauthorized) @ http://localhost/saas-ugc/api/track_time.php:0
[104039633ms] [ERROR] Failed to load resource: the server responded with a status of 401 (Unauthorized) @ http://localhost/saas-ugc/api/track_time.php:0
[104099631ms] [ERROR] Failed to load resource: the server responded with a status of 401 (Unauthorized) @ http://localhost/saas-ugc/api/track_time.php:0
[104159636ms] [ERROR] Failed to load resource: the server responded with a status of 401 (Unauthorized) @ http://localhost/saas-ugc/api/track_time.php:0
[104219631ms] [ERROR] Failed to load resource: the server responded with a status of 401 (Unauthorized) @ http://localhost/saas-ugc/api/track_time.php:0
[104249635ms] [ERROR] Failed to load resource: the server responded with a status of 401 (Unauthorized) @ http://localhost/saas-ugc/api/track_time.php:0
[104309626ms] [ERROR] Failed to load resource: the server responded with a status of 401 (Unauthorized) @ http://localhost/saas-ugc/api/track_time.php:0
[104339636ms] [ERROR] Failed to load resource: the server responded with a status of 401 (Unauthorized) @ http://localhost/saas-ugc/api/track_time.php:0
[104399634ms] [ERROR] Failed to load resource: the server responded with a status of 401 (Unauthorized) @ http://localhost/saas-ugc/api/track_time.php:0
[104459636ms] [ERROR] Failed to load resource: the server responded with a status of 401 (Unauthorized) @ http://localhost/saas-ugc/api/track_time.php:0
[104519631ms] [ERROR] Failed to load resource: the server responded with a status of 401 (Unauthorized) @ http://localhost/saas-ugc/api/track_time.php:0
[104579636ms] [ERROR] Failed to load resource: the server responded with a status of 401 (Unauthorized) @ http://localhost/saas-ugc/api/track_time.php:0
[104639627ms] [ERROR] Failed to load resource: the server responded with a status of 401 (Unauthorized) @ http://localhost/saas-ugc/api/track_time.php:0
[104669636ms] [ERROR] Failed to load resource: the server responded with a status of 401 (Unauthorized) @ http://localhost/saas-ugc/api/track_time.php:0
[104729627ms] [ERROR] Failed to load resource: the server responded with a status of 401 (Unauthorized) @ http://localhost/saas-ugc/api/track_time.php:0
[104789640ms] [ERROR] Failed to load resource: the server responded with a status of 401 (Unauthorized) @ http://localhost/saas-ugc/api/track_time.php:0
[104819638ms] [ERROR] Failed to load resource: the server responded with a status of 401 (Unauthorized) @ http://localhost/saas-ugc/api/track_time.php:0
[104879634ms] [ERROR] Failed to load resource: the server responded with a status of 401 (Unauthorized) @ http://localhost/saas-ugc/api/track_time.php:0
[104939633ms] [ERROR] Failed to load resource: the server responded with a status of 401 (Unauthorized) @ http://localhost/saas-ugc/api/track_time.php:0
[104969633ms] [ERROR] Failed to load resource: the server responded with a status of 401 (Unauthorized) @ http://localhost/saas-ugc/api/track_time.php:0
[104999634ms] [ERROR] Failed to load resource: the server responded with a status of 401 (Unauthorized) @ http://localhost/saas-ugc/api/track_time.php:0
[105029638ms] [ERROR] Failed to load resource: the server responded with a status of 401 (Unauthorized) @ http://localhost/saas-ugc/api/track_time.php:0
[105089633ms] [ERROR] Failed to load resource: the server responded with a status of 401 (Unauthorized) @ http://localhost/saas-ugc/api/track_time.php:0
[105119645ms] [ERROR] Failed to load resource: the server responded with a status of 401 (Unauthorized) @ http://localhost/saas-ugc/api/track_time.php:0
[105179642ms] [ERROR] Failed to load resource: the server responded with a status of 401 (Unauthorized) @ http://localhost/saas-ugc/api/track_time.php:0
[105239637ms] [ERROR] Failed to load resource: the server responded with a status of 401 (Unauthorized) @ http://localhost/saas-ugc/api/track_time.php:0
[105299636ms] [ERROR] Failed to load resource: the server responded with a status of 401 (Unauthorized) @ http://localhost/saas-ugc/api/track_time.php:0
[105359635ms] [ERROR] Failed to load resource: the server responded with a status of 401 (Unauthorized) @ http://localhost/saas-ugc/api/track_time.php:0
[105389640ms] [ERROR] Failed to load resource: the server responded with a status of 401 (Unauthorized) @ http://localhost/saas-ugc/api/track_time.php:0
[105449634ms] [ERROR] Failed to load resource: the server responded with a status of 401 (Unauthorized) @ http://localhost/saas-ugc/api/track_time.php:0
[105479644ms] [ERROR] Failed to load resource: the server responded with a status of 401 (Unauthorized) @ http://localhost/saas-ugc/api/track_time.php:0
[105539631ms] [ERROR] Failed to load resource: the server responded with a status of 401 (Unauthorized) @ http://localhost/saas-ugc/api/track_time.php:0
[105599628ms] [ERROR] Failed to load resource: the server responded with a status of 401 (Unauthorized) @ http://localhost/saas-ugc/api/track_time.php:0
[105629632ms] [ERROR] Failed to load resource: the server responded with a status of 401 (Unauthorized) @ http://localhost/saas-ugc/api/track_time.php:0
[105659634ms] [ERROR] Failed to load resource: the server responded with a status of 401 (Unauthorized) @ http://localhost/saas-ugc/api/track_time.php:0
[105719633ms] [ERROR] Failed to load resource: the server responded with a status of 401 (Unauthorized) @ http://localhost/saas-ugc/api/track_time.php:0
[105779626ms] [ERROR] Failed to load resource: the server responded with a status of 401 (Unauthorized) @ http://localhost/saas-ugc/api/track_time.php:0
[105809632ms] [ERROR] Failed to load resource: the server responded with a status of 401 (Unauthorized) @ http://localhost/saas-ugc/api/track_time.php:0
[105839631ms] [ERROR] Failed to load resource: the server responded with a status of 401 (Unauthorized) @ http://localhost/saas-ugc/api/track_time.php:0
[105869635ms] [ERROR] Failed to load resource: the server responded with a status of 401 (Unauthorized) @ http://localhost/saas-ugc/api/track_time.php:0
[105899634ms] [ERROR] Failed to load resource: the server responded with a status of 401 (Unauthorized) @ http://localhost/saas-ugc/api/track_time.php:0
[105959634ms] [ERROR] Failed to load resource: the server responded with a status of 401 (Unauthorized) @ http://localhost/saas-ugc/api/track_time.php:0
[106019640ms] [ERROR] Failed to load resource: the server responded with a status of 401 (Unauthorized) @ http://localhost/saas-ugc/api/track_time.php:0
[106079630ms] [ERROR] Failed to load resource: the server responded with a status of 401 (Unauthorized) @ http://localhost/saas-ugc/api/track_time.php:0
[106139631ms] [ERROR] Failed to load resource: the server responded with a status of 401 (Unauthorized) @ http://localhost/saas-ugc/api/track_time.php:0
[106199636ms] [ERROR] Failed to load resource: the server responded with a status of 401 (Unauthorized) @ http://localhost/saas-ugc/api/track_time.php:0
[106229635ms] [ERROR] Failed to load resource: the server responded with a status of 401 (Unauthorized) @ http://localhost/saas-ugc/api/track_time.php:0
[106289630ms] [ERROR] Failed to load resource: the server responded with a status of 401 (Unauthorized) @ http://localhost/saas-ugc/api/track_time.php:0
[106319632ms] [ERROR] Failed to load resource: the server responded with a status of 401 (Unauthorized) @ http://localhost/saas-ugc/api/track_time.php:0
[106349641ms] [ERROR] Failed to load resource: the server responded with a status of 401 (Unauthorized) @ http://localhost/saas-ugc/api/track_time.php:0
[106409635ms] [ERROR] Failed to load resource: the server responded with a status of 401 (Unauthorized) @ http://localhost/saas-ugc/api/track_time.php:0
[106469631ms] [ERROR] Failed to load resource: the server responded with a status of 401 (Unauthorized) @ http://localhost/saas-ugc/api/track_time.php:0
[106529634ms] [ERROR] Failed to load resource: the server responded with a status of 401 (Unauthorized) @ http://localhost/saas-ugc/api/track_time.php:0
[106589631ms] [ERROR] Failed to load resource: the server responded with a status of 401 (Unauthorized) @ http://localhost/saas-ugc/api/track_time.php:0
[106619638ms] [ERROR] Failed to load resource: the server responded with a status of 401 (Unauthorized) @ http://localhost/saas-ugc/api/track_time.php:0
[106679637ms] [ERROR] Failed to load resource: the server responded with a status of 401 (Unauthorized) @ http://localhost/saas-ugc/api/track_time.php:0
[106739627ms] [ERROR] Failed to load resource: the server responded with a status of 401 (Unauthorized) @ http://localhost/saas-ugc/api/track_time.php:0
[106769633ms] [ERROR] Failed to load resource: the server responded with a status of 401 (Unauthorized) @ http://localhost/saas-ugc/api/track_time.php:0
[106799633ms] [ERROR] Failed to load resource: the server responded with a status of 401 (Unauthorized) @ http://localhost/saas-ugc/api/track_time.php:0
[106829638ms] [ERROR] Failed to load resource: the server responded with a status of 401 (Unauthorized) @ http://localhost/saas-ugc/api/track_time.php:0
[106889635ms] [ERROR] Failed to load resource: the server responded with a status of 401 (Unauthorized) @ http://localhost/saas-ugc/api/track_time.php:0
[106949634ms] [ERROR] Failed to load resource: the server responded with a status of 401 (Unauthorized) @ http://localhost/saas-ugc/api/track_time.php:0
[107009637ms] [ERROR] Failed to load resource: the server responded with a status of 401 (Unauthorized) @ http://localhost/saas-ugc/api/track_time.php:0
[107069626ms] [ERROR] Failed to load resource: the server responded with a status of 401 (Unauthorized) @ http://localhost/saas-ugc/api/track_time.php:0
[107099635ms] [ERROR] Failed to load resource: the server responded with a status of 401 (Unauthorized) @ http://localhost/saas-ugc/api/track_time.php:0
[107129639ms] [ERROR] Failed to load resource: the server responded with a status of 401 (Unauthorized) @ http://localhost/saas-ugc/api/track_time.php:0
[107189634ms] [ERROR] Failed to load resource: the server responded with a status of 401 (Unauthorized) @ http://localhost/saas-ugc/api/track_time.php:0
[107249629ms] [ERROR] Failed to load resource: the server responded with a status of 401 (Unauthorized) @ http://localhost/saas-ugc/api/track_time.php:0
[107309636ms] [ERROR] Failed to load resource: the server responded with a status of 401 (Unauthorized) @ http://localhost/saas-ugc/api/track_time.php:0
[229754982ms] [ERROR] Failed to load resource: the server responded with a status of 401 (Unauthorized) @ http://localhost/saas-ugc/api/track_time.php:0
[229799460ms] [ERROR] Failed to load resource: the server responded with a status of 401 (Unauthorized) @ http://localhost/saas-ugc/api/track_time.php:0
[229829463ms] [ERROR] Failed to load resource: the server responded with a status of 401 (Unauthorized) @ http://localhost/saas-ugc/api/track_time.php:0
[229859474ms] [ERROR] Failed to load resource: the server responded with a status of 401 (Unauthorized) @ http://localhost/saas-ugc/api/track_time.php:0
[229919457ms] [ERROR] Failed to load resource: the server responded with a status of 401 (Unauthorized) @ http://localhost/saas-ugc/api/track_time.php:0
[229949457ms] [ERROR] Failed to load resource: the server responded with a status of 401 (Unauthorized) @ http://localhost/saas-ugc/api/track_time.php:0
[229979470ms] [ERROR] Failed to load resource: the server responded with a status of 401 (Unauthorized) @ http://localhost/saas-ugc/api/track_time.php:0
[230039459ms] [ERROR] Failed to load resource: the server responded with a status of 401 (Unauthorized) @ http://localhost/saas-ugc/api/track_time.php:0
[230099461ms] [ERROR] Failed to load resource: the server responded with a status of 401 (Unauthorized) @ http://localhost/saas-ugc/api/track_time.php:0
[230129467ms] [ERROR] Failed to load resource: the server responded with a status of 401 (Unauthorized) @ http://localhost/saas-ugc/api/track_time.php:0
[230159488ms] [ERROR] Failed to load resource: the server responded with a status of 401 (Unauthorized) @ http://localhost/saas-ugc/api/track_time.php:0
[230219468ms] [ERROR] Failed to load resource: the server responded with a status of 401 (Unauthorized) @ http://localhost/saas-ugc/api/track_time.php:0
[230279466ms] [ERROR] Failed to load resource: the server responded with a status of 401 (Unauthorized) @ http://localhost/saas-ugc/api/track_time.php:0
[230339458ms] [ERROR] Failed to load resource: the server responded with a status of 401 (Unauthorized) @ http://localhost/saas-ugc/api/track_time.php:0
[230369463ms] [ERROR] Failed to load resource: the server responded with a status of 401 (Unauthorized) @ http://localhost/saas-ugc/api/track_time.php:0
[230399459ms] [ERROR] Failed to load resource: the server responded with a status of 401 (Unauthorized) @ http://localhost/saas-ugc/api/track_time.php:0
[230429487ms] [ERROR] Failed to load resource: the server responded with a status of 401 (Unauthorized) @ http://localhost/saas-ugc/api/track_time.php:0
[230459461ms] [ERROR] Failed to load resource: the server responded with a status of 401 (Unauthorized) @ http://localhost/saas-ugc/api/track_time.php:0
[230530962ms] [ERROR] Failed to load resource: the server responded with a status of 401 (Unauthorized) @ http://localhost/saas-ugc/api/track_time.php:0
[230549472ms] [ERROR] Failed to load resource: the server responded with a status of 401 (Unauthorized) @ http://localhost/saas-ugc/api/track_time.php:0
[230609473ms] [ERROR] Failed to load resource: the server responded with a status of 401 (Unauthorized) @ http://localhost/saas-ugc/api/track_time.php:0
[230669456ms] [ERROR] Failed to load resource: the server responded with a status of 401 (Unauthorized) @ http://localhost/saas-ugc/api/track_time.php:0
[230699461ms] [ERROR] Failed to load resource: the server responded with a status of 401 (Unauthorized) @ http://localhost/saas-ugc/api/track_time.php:0
[230759464ms] [ERROR] Failed to load resource: the server responded with a status of 401 (Unauthorized) @ http://localhost/saas-ugc/api/track_time.php:0
[230789466ms] [ERROR] Failed to load resource: the server responded with a status of 401 (Unauthorized) @ http://localhost/saas-ugc/api/track_time.php:0
[230819461ms] [ERROR] Failed to load resource: the server responded with a status of 401 (Unauthorized) @ http://localhost/saas-ugc/api/track_time.php:0
[230849464ms] [ERROR] Failed to load resource: the server responded with a status of 401 (Unauthorized) @ http://localhost/saas-ugc/api/track_time.php:0
[230909471ms] [ERROR] Failed to load resource: the server responded with a status of 401 (Unauthorized) @ http://localhost/saas-ugc/api/track_time.php:0
[230969472ms] [ERROR] Failed to load resource: the server responded with a status of 401 (Unauthorized) @ http://localhost/saas-ugc/api/track_time.php:0
[231029463ms] [ERROR] Failed to load resource: the server responded with a status of 401 (Unauthorized) @ http://localhost/saas-ugc/api/track_time.php:0
[231059511ms] [ERROR] Failed to load resource: the server responded with a status of 401 (Unauthorized) @ http://localhost/saas-ugc/api/track_time.php:0
[231119470ms] [ERROR] Failed to load resource: the server responded with a status of 401 (Unauthorized) @ http://localhost/saas-ugc/api/track_time.php:0
[231179468ms] [ERROR] Failed to load resource: the server responded with a status of 401 (Unauthorized) @ http://localhost/saas-ugc/api/track_time.php:0
[231239472ms] [ERROR] Failed to load resource: the server responded with a status of 401 (Unauthorized) @ http://localhost/saas-ugc/api/track_time.php:0
[231269467ms] [ERROR] Failed to load resource: the server responded with a status of 401 (Unauthorized) @ http://localhost/saas-ugc/api/track_time.php:0
[231299474ms] [ERROR] Failed to load resource: the server responded with a status of 401 (Unauthorized) @ http://localhost/saas-ugc/api/track_time.php:0
[231359462ms] [ERROR] Failed to load resource: the server responded with a status of 401 (Unauthorized) @ http://localhost/saas-ugc/api/track_time.php:0
[231389472ms] [ERROR] Failed to load resource: the server responded with a status of 401 (Unauthorized) @ http://localhost/saas-ugc/api/track_time.php:0
[231419475ms] [ERROR] Failed to load resource: the server responded with a status of 401 (Unauthorized) @ http://localhost/saas-ugc/api/track_time.php:0
[231479471ms] [ERROR] Failed to load resource: the server responded with a status of 401 (Unauthorized) @ http://localhost/saas-ugc/api/track_time.php:0
[231509469ms] [ERROR] Failed to load resource: the server responded with a status of 401 (Unauthorized) @ http://localhost/saas-ugc/api/track_time.php:0
[231569512ms] [ERROR] Failed to load resource: the server responded with a status of 401 (Unauthorized) @ http://localhost/saas-ugc/api/track_time.php:0
[231629461ms] [ERROR] Failed to load resource: the server responded with a status of 401 (Unauthorized) @ http://localhost/saas-ugc/api/track_time.php:0
[231659495ms] [ERROR] Failed to load resource: the server responded with a status of 401 (Unauthorized) @ http://localhost/saas-ugc/api/track_time.php:0
[231689467ms] [ERROR] Failed to load resource: the server responded with a status of 401 (Unauthorized) @ http://localhost/saas-ugc/api/track_time.php:0
[231749468ms] [ERROR] Failed to load resource: the server responded with a status of 401 (Unauthorized) @ http://localhost/saas-ugc/api/track_time.php:0
[231809473ms] [ERROR] Failed to load resource: the server responded with a status of 401 (Unauthorized) @ http://localhost/saas-ugc/api/track_time.php:0
[231839476ms] [ERROR] Failed to load resource: the server responded with a status of 401 (Unauthorized) @ http://localhost/saas-ugc/api/track_time.php:0
[231899466ms] [ERROR] Failed to load resource: the server responded with a status of 401 (Unauthorized) @ http://localhost/saas-ugc/api/track_time.php:0
[231929476ms] [ERROR] Failed to load resource: the server responded with a status of 401 (Unauthorized) @ http://localhost/saas-ugc/api/track_time.php:0
[231989460ms] [ERROR] Failed to load resource: the server responded with a status of 401 (Unauthorized) @ http://localhost/saas-ugc/api/track_time.php:0
[232019464ms] [ERROR] Failed to load resource: the server responded with a status of 401 (Unauthorized) @ http://localhost/saas-ugc/api/track_time.php:0
[232049470ms] [ERROR] Failed to load resource: the server responded with a status of 401 (Unauthorized) @ http://localhost/saas-ugc/api/track_time.php:0
[232109473ms] [ERROR] Failed to load resource: the server responded with a status of 401 (Unauthorized) @ http://localhost/saas-ugc/api/track_time.php:0
[232169462ms] [ERROR] Failed to load resource: the server responded with a status of 401 (Unauthorized) @ http://localhost/saas-ugc/api/track_time.php:0
[232199466ms] [ERROR] Failed to load resource: the server responded with a status of 401 (Unauthorized) @ http://localhost/saas-ugc/api/track_time.php:0
[232259466ms] [ERROR] Failed to load resource: the server responded with a status of 401 (Unauthorized) @ http://localhost/saas-ugc/api/track_time.php:0
[232319470ms] [ERROR] Failed to load resource: the server responded with a status of 401 (Unauthorized) @ http://localhost/saas-ugc/api/track_time.php:0
[232379478ms] [ERROR] Failed to load resource: the server responded with a status of 401 (Unauthorized) @ http://localhost/saas-ugc/api/track_time.php:0
[232439466ms] [ERROR] Failed to load resource: the server responded with a status of 401 (Unauthorized) @ http://localhost/saas-ugc/api/track_time.php:0
[232469466ms] [ERROR] Failed to load resource: the server responded with a status of 401 (Unauthorized) @ http://localhost/saas-ugc/api/track_time.php:0
[232529476ms] [ERROR] Failed to load resource: the server responded with a status of 401 (Unauthorized) @ http://localhost/saas-ugc/api/track_time.php:0
[232559465ms] [ERROR] Failed to load resource: the server responded with a status of 401 (Unauthorized) @ http://localhost/saas-ugc/api/track_time.php:0
[232619460ms] [ERROR] Failed to load resource: the server responded with a status of 401 (Unauthorized) @ http://localhost/saas-ugc/api/track_time.php:0
[232679478ms] [ERROR] Failed to load resource: the server responded with a status of 401 (Unauthorized) @ http://localhost/saas-ugc/api/track_time.php:0
[232739468ms] [ERROR] Failed to load resource: the server responded with a status of 401 (Unauthorized) @ http://localhost/saas-ugc/api/track_time.php:0
[232769465ms] [ERROR] Failed to load resource: the server responded with a status of 401 (Unauthorized) @ http://localhost/saas-ugc/api/track_time.php:0
[232829471ms] [ERROR] Failed to load resource: the server responded with a status of 401 (Unauthorized) @ http://localhost/saas-ugc/api/track_time.php:0
[232889453ms] [ERROR] Failed to load resource: the server responded with a status of 401 (Unauthorized) @ http://localhost/saas-ugc/api/track_time.php:0
[232919467ms] [ERROR] Failed to load resource: the server responded with a status of 401 (Unauthorized) @ http://localhost/saas-ugc/api/track_time.php:0
[232979462ms] [ERROR] Failed to load resource: the server responded with a status of 401 (Unauthorized) @ http://localhost/saas-ugc/api/track_time.php:0
[233009466ms] [ERROR] Failed to load resource: the server responded with a status of 401 (Unauthorized) @ http://localhost/saas-ugc/api/track_time.php:0
[233039462ms] [ERROR] Failed to load resource: the server responded with a status of 401 (Unauthorized) @ http://localhost/saas-ugc/api/track_time.php:0
[233069469ms] [ERROR] Failed to load resource: the server responded with a status of 401 (Unauthorized) @ http://localhost/saas-ugc/api/track_time.php:0
[233129472ms] [ERROR] Failed to load resource: the server responded with a status of 401 (Unauthorized) @ http://localhost/saas-ugc/api/track_time.php:0
[233189468ms] [ERROR] Failed to load resource: the server responded with a status of 401 (Unauthorized) @ http://localhost/saas-ugc/api/track_time.php:0
[233249463ms] [ERROR] Failed to load resource: the server responded with a status of 401 (Unauthorized) @ http://localhost/saas-ugc/api/track_time.php:0
[233309475ms] [ERROR] Failed to load resource: the server responded with a status of 401 (Unauthorized) @ http://localhost/saas-ugc/api/track_time.php:0
[233369455ms] [ERROR] Failed to load resource: the server responded with a status of 401 (Unauthorized) @ http://localhost/saas-ugc/api/track_time.php:0
[233399464ms] [ERROR] Failed to load resource: the server responded with a status of 401 (Unauthorized) @ http://localhost/saas-ugc/api/track_time.php:0
[233429481ms] [ERROR] Failed to load resource: the server responded with a status of 401 (Unauthorized) @ http://localhost/saas-ugc/api/track_time.php:0
[233459487ms] [ERROR] Failed to load resource: the server responded with a status of 401 (Unauthorized) @ http://localhost/saas-ugc/api/track_time.php:0
[233519463ms] [ERROR] Failed to load resource: the server responded with a status of 401 (Unauthorized) @ http://localhost/saas-ugc/api/track_time.php:0
[233549465ms] [ERROR] Failed to load resource: the server responded with a status of 401 (Unauthorized) @ http://localhost/saas-ugc/api/track_time.php:0
[233579474ms] [ERROR] Failed to load resource: the server responded with a status of 401 (Unauthorized) @ http://localhost/saas-ugc/api/track_time.php:0
[233639474ms] [ERROR] Failed to load resource: the server responded with a status of 401 (Unauthorized) @ http://localhost/saas-ugc/api/track_time.php:0
[233669480ms] [ERROR] Failed to load resource: the server responded with a status of 401 (Unauthorized) @ http://localhost/saas-ugc/api/track_time.php:0
[233699465ms] [ERROR] Failed to load resource: the server responded with a status of 401 (Unauthorized) @ http://localhost/saas-ugc/api/track_time.php:0
[233759471ms] [ERROR] Failed to load resource: the server responded with a status of 401 (Unauthorized) @ http://localhost/saas-ugc/api/track_time.php:0
[233819463ms] [ERROR] Failed to load resource: the server responded with a status of 401 (Unauthorized) @ http://localhost/saas-ugc/api/track_time.php:0
[233879464ms] [ERROR] Failed to load resource: the server responded with a status of 401 (Unauthorized) @ http://localhost/saas-ugc/api/track_time.php:0
[233939467ms] [ERROR] Failed to load resource: the server responded with a status of 401 (Unauthorized) @ http://localhost/saas-ugc/api/track_time.php:0
[233969480ms] [ERROR] Failed to load resource: the server responded with a status of 401 (Unauthorized) @ http://localhost/saas-ugc/api/track_time.php:0
[234029468ms] [ERROR] Failed to load resource: the server responded with a status of 401 (Unauthorized) @ http://localhost/saas-ugc/api/track_time.php:0
[234059462ms] [ERROR] Failed to load resource: the server responded with a status of 401 (Unauthorized) @ http://localhost/saas-ugc/api/track_time.php:0
[234119458ms] [ERROR] Failed to load resource: the server responded with a status of 401 (Unauthorized) @ http://localhost/saas-ugc/api/track_time.php:0
[234149459ms] [ERROR] Failed to load resource: the server responded with a status of 401 (Unauthorized) @ http://localhost/saas-ugc/api/track_time.php:0
[234209467ms] [ERROR] Failed to load resource: the server responded with a status of 401 (Unauthorized) @ http://localhost/saas-ugc/api/track_time.php:0
[234239478ms] [ERROR] Failed to load resource: the server responded with a status of 401 (Unauthorized) @ http://localhost/saas-ugc/api/track_time.php:0
[234299470ms] [ERROR] Failed to load resource: the server responded with a status of 401 (Unauthorized) @ http://localhost/saas-ugc/api/track_time.php:0
[234329474ms] [ERROR] Failed to load resource: the server responded with a status of 401 (Unauthorized) @ http://localhost/saas-ugc/api/track_time.php:0
[234389465ms] [ERROR] Failed to load resource: the server responded with a status of 401 (Unauthorized) @ http://localhost/saas-ugc/api/track_time.php:0
[234419468ms] [ERROR] Failed to load resource: the server responded with a status of 401 (Unauthorized) @ http://localhost/saas-ugc/api/track_time.php:0
[234479479ms] [ERROR] Failed to load resource: the server responded with a status of 401 (Unauthorized) @ http://localhost/saas-ugc/api/track_time.php:0
[234509484ms] [ERROR] Failed to load resource: the server responded with a status of 401 (Unauthorized) @ http://localhost/saas-ugc/api/track_time.php:0
[234539486ms] [ERROR] Failed to load resource: the server responded with a status of 401 (Unauthorized) @ http://localhost/saas-ugc/api/track_time.php:0
[234599490ms] [ERROR] Failed to load resource: the server responded with a status of 401 (Unauthorized) @ http://localhost/saas-ugc/api/track_time.php:0
[234629500ms] [ERROR] Failed to load resource: the server responded with a status of 401 (Unauthorized) @ http://localhost/saas-ugc/api/track_time.php:0
[234659472ms] [ERROR] Failed to load resource: the server responded with a status of 401 (Unauthorized) @ http://localhost/saas-ugc/api/track_time.php:0
[234689482ms] [ERROR] Failed to load resource: the server responded with a status of 401 (Unauthorized) @ http://localhost/saas-ugc/api/track_time.php:0
[234719492ms] [ERROR] Failed to load resource: the server responded with a status of 401 (Unauthorized) @ http://localhost/saas-ugc/api/track_time.php:0
[234779483ms] [ERROR] Failed to load resource: the server responded with a status of 401 (Unauthorized) @ http://localhost/saas-ugc/api/track_time.php:0
[234809490ms] [ERROR] Failed to load resource: the server responded with a status of 401 (Unauthorized) @ http://localhost/saas-ugc/api/track_time.php:0
[234839494ms] [ERROR] Failed to load resource: the server responded with a status of 401 (Unauthorized) @ http://localhost/saas-ugc/api/track_time.php:0
[234899478ms] [ERROR] Failed to load resource: the server responded with a status of 401 (Unauthorized) @ http://localhost/saas-ugc/api/track_time.php:0
[234959484ms] [ERROR] Failed to load resource: the server responded with a status of 401 (Unauthorized) @ http://localhost/saas-ugc/api/track_time.php:0
[235019508ms] [ERROR] Failed to load resource: the server responded with a status of 401 (Unauthorized) @ http://localhost/saas-ugc/api/track_time.php:0
[235050189ms] [ERROR] Failed to load resource: the server responded with a status of 401 (Unauthorized) @ http://localhost/saas-ugc/api/track_time.php:0
[235109480ms] [ERROR] Failed to load resource: the server responded with a status of 401 (Unauthorized) @ http://localhost/saas-ugc/api/track_time.php:0
[235169478ms] [ERROR] Failed to load resource: the server responded with a status of 401 (Unauthorized) @ http://localhost/saas-ugc/api/track_time.php:0
[235229475ms] [ERROR] Failed to load resource: the server responded with a status of 401 (Unauthorized) @ http://localhost/saas-ugc/api/track_time.php:0
[235259504ms] [ERROR] Failed to load resource: the server responded with a status of 401 (Unauthorized) @ http://localhost/saas-ugc/api/track_time.php:0
[235319468ms] [ERROR] Failed to load resource: the server responded with a status of 401 (Unauthorized) @ http://localhost/saas-ugc/api/track_time.php:0
[235349481ms] [ERROR] Failed to load resource: the server responded with a status of 401 (Unauthorized) @ http://localhost/saas-ugc/api/track_time.php:0
[235379482ms] [ERROR] Failed to load resource: the server responded with a status of 401 (Unauthorized) @ http://localhost/saas-ugc/api/track_time.php:0
[235439501ms] [ERROR] Failed to load resource: the server responded with a status of 401 (Unauthorized) @ http://localhost/saas-ugc/api/track_time.php:0
[235469483ms] [ERROR] Failed to load resource: the server responded with a status of 401 (Unauthorized) @ http://localhost/saas-ugc/api/track_time.php:0
[235499489ms] [ERROR] Failed to load resource: the server responded with a status of 401 (Unauthorized) @ http://localhost/saas-ugc/api/track_time.php:0
[235559467ms] [ERROR] Failed to load resource: the server responded with a status of 401 (Unauthorized) @ http://localhost/saas-ugc/api/track_time.php:0
[235589480ms] [ERROR] Failed to load resource: the server responded with a status of 401 (Unauthorized) @ http://localhost/saas-ugc/api/track_time.php:0
[235649476ms] [ERROR] Failed to load resource: the server responded with a status of 401 (Unauthorized) @ http://localhost/saas-ugc/api/track_time.php:0
[235709484ms] [ERROR] Failed to load resource: the server responded with a status of 401 (Unauthorized) @ http://localhost/saas-ugc/api/track_time.php:0
[235739491ms] [ERROR] Failed to load resource: the server responded with a status of 401 (Unauthorized) @ http://localhost/saas-ugc/api/track_time.php:0
[235799477ms] [ERROR] Failed to load resource: the server responded with a status of 401 (Unauthorized) @ http://localhost/saas-ugc/api/track_time.php:0
[235859470ms] [ERROR] Failed to load resource: the server responded with a status of 401 (Unauthorized) @ http://localhost/saas-ugc/api/track_time.php:0
[235889475ms] [ERROR] Failed to load resource: the server responded with a status of 401 (Unauthorized) @ http://localhost/saas-ugc/api/track_time.php:0
[235919482ms] [ERROR] Failed to load resource: the server responded with a status of 401 (Unauthorized) @ http://localhost/saas-ugc/api/track_time.php:0
[235979474ms] [ERROR] Failed to load resource: the server responded with a status of 401 (Unauthorized) @ http://localhost/saas-ugc/api/track_time.php:0
[236039486ms] [ERROR] Failed to load resource: the server responded with a status of 401 (Unauthorized) @ http://localhost/saas-ugc/api/track_time.php:0
[236069479ms] [ERROR] Failed to load resource: the server responded with a status of 401 (Unauthorized) @ http://localhost/saas-ugc/api/track_time.php:0
[236129482ms] [ERROR] Failed to load resource: the server responded with a status of 401 (Unauthorized) @ http://localhost/saas-ugc/api/track_time.php:0
[236189487ms] [ERROR] Failed to load resource: the server responded with a status of 401 (Unauthorized) @ http://localhost/saas-ugc/api/track_time.php:0
[236219488ms] [ERROR] Failed to load resource: the server responded with a status of 401 (Unauthorized) @ http://localhost/saas-ugc/api/track_time.php:0
[236279483ms] [ERROR] Failed to load resource: the server responded with a status of 401 (Unauthorized) @ http://localhost/saas-ugc/api/track_time.php:0
[236339485ms] [ERROR] Failed to load resource: the server responded with a status of 401 (Unauthorized) @ http://localhost/saas-ugc/api/track_time.php:0
[236399497ms] [ERROR] Failed to load resource: the server responded with a status of 401 (Unauthorized) @ http://localhost/saas-ugc/api/track_time.php:0
[236429477ms] [ERROR] Failed to load resource: the server responded with a status of 401 (Unauthorized) @ http://localhost/saas-ugc/api/track_time.php:0
[236489483ms] [ERROR] Failed to load resource: the server responded with a status of 401 (Unauthorized) @ http://localhost/saas-ugc/api/track_time.php:0
[236519468ms] [ERROR] Failed to load resource: the server responded with a status of 401 (Unauthorized) @ http://localhost/saas-ugc/api/track_time.php:0
[236579479ms] [ERROR] Failed to load resource: the server responded with a status of 401 (Unauthorized) @ http://localhost/saas-ugc/api/track_time.php:0
[236609477ms] [ERROR] Failed to load resource: the server responded with a status of 401 (Unauthorized) @ http://localhost/saas-ugc/api/track_time.php:0
[236669494ms] [ERROR] Failed to load resource: the server responded with a status of 401 (Unauthorized) @ http://localhost/saas-ugc/api/track_time.php:0
[236699486ms] [ERROR] Failed to load resource: the server responded with a status of 401 (Unauthorized) @ http://localhost/saas-ugc/api/track_time.php:0
[236759469ms] [ERROR] Failed to load resource: the server responded with a status of 401 (Unauthorized) @ http://localhost/saas-ugc/api/track_time.php:0
[236789472ms] [ERROR] Failed to load resource: the server responded with a status of 401 (Unauthorized) @ http://localhost/saas-ugc/api/track_time.php:0
[236819477ms] [ERROR] Failed to load resource: the server responded with a status of 401 (Unauthorized) @ http://localhost/saas-ugc/api/track_time.php:0
[236849489ms] [ERROR] Failed to load resource: the server responded with a status of 401 (Unauthorized) @ http://localhost/saas-ugc/api/track_time.php:0
[236909469ms] [ERROR] Failed to load resource: the server responded with a status of 401 (Unauthorized) @ http://localhost/saas-ugc/api/track_time.php:0
[236939491ms] [ERROR] Failed to load resource: the server responded with a status of 401 (Unauthorized) @ http://localhost/saas-ugc/api/track_time.php:0
[236969480ms] [ERROR] Failed to load resource: the server responded with a status of 401 (Unauthorized) @ http://localhost/saas-ugc/api/track_time.php:0
[237029470ms] [ERROR] Failed to load resource: the server responded with a status of 401 (Unauthorized) @ http://localhost/saas-ugc/api/track_time.php:0
[237059480ms] [ERROR] Failed to load resource: the server responded with a status of 401 (Unauthorized) @ http://localhost/saas-ugc/api/track_time.php:0
[237089485ms] [ERROR] Failed to load resource: the server responded with a status of 401 (Unauthorized) @ http://localhost/saas-ugc/api/track_time.php:0
[237149473ms] [ERROR] Failed to load resource: the server responded with a status of 401 (Unauthorized) @ http://localhost/saas-ugc/api/track_time.php:0
[237179497ms] [ERROR] Failed to load resource: the server responded with a status of 401 (Unauthorized) @ http://localhost/saas-ugc/api/track_time.php:0
[237239477ms] [ERROR] Failed to load resource: the server responded with a status of 401 (Unauthorized) @ http://localhost/saas-ugc/api/track_time.php:0
[237299485ms] [ERROR] Failed to load resource: the server responded with a status of 401 (Unauthorized) @ http://localhost/saas-ugc/api/track_time.php:0
[237359476ms] [ERROR] Failed to load resource: the server responded with a status of 401 (Unauthorized) @ http://localhost/saas-ugc/api/track_time.php:0
[237389490ms] [ERROR] Failed to load resource: the server responded with a status of 401 (Unauthorized) @ http://localhost/saas-ugc/api/track_time.php:0
[330742752ms] [ERROR] Failed to load resource: the server responded with a status of 401 (Unauthorized) @ http://localhost/saas-ugc/api/track_time.php:0
[330786468ms] [ERROR] Failed to load resource: the server responded with a status of 401 (Unauthorized) @ http://localhost/saas-ugc/api/track_time.php:0
[330816136ms] [ERROR] Failed to load resource: the server responded with a status of 401 (Unauthorized) @ http://localhost/saas-ugc/api/track_time.php:0
[330876128ms] [ERROR] Failed to load resource: the server responded with a status of 401 (Unauthorized) @ http://localhost/saas-ugc/api/track_time.php:0
[330906127ms] [ERROR] Failed to load resource: the server responded with a status of 401 (Unauthorized) @ http://localhost/saas-ugc/api/track_time.php:0
[330966125ms] [ERROR] Failed to load resource: the server responded with a status of 401 (Unauthorized) @ http://localhost/saas-ugc/api/track_time.php:0
[330996127ms] [ERROR] Failed to load resource: the server responded with a status of 401 (Unauthorized) @ http://localhost/saas-ugc/api/track_time.php:0
[331026131ms] [ERROR] Failed to load resource: the server responded with a status of 401 (Unauthorized) @ http://localhost/saas-ugc/api/track_time.php:0
[331086120ms] [ERROR] Failed to load resource: the server responded with a status of 401 (Unauthorized) @ http://localhost/saas-ugc/api/track_time.php:0
[331116129ms] [ERROR] Failed to load resource: the server responded with a status of 401 (Unauthorized) @ http://localhost/saas-ugc/api/track_time.php:0
[331146131ms] [ERROR] Failed to load resource: the server responded with a status of 401 (Unauthorized) @ http://localhost/saas-ugc/api/track_time.php:0
[331206135ms] [ERROR] Failed to load resource: the server responded with a status of 401 (Unauthorized) @ http://localhost/saas-ugc/api/track_time.php:0
[331236233ms] [ERROR] Failed to load resource: the server responded with a status of 401 (Unauthorized) @ http://localhost/saas-ugc/api/track_time.php:0
[331296129ms] [ERROR] Failed to load resource: the server responded with a status of 401 (Unauthorized) @ http://localhost/saas-ugc/api/track_time.php:0
[331326134ms] [ERROR] Failed to load resource: the server responded with a status of 401 (Unauthorized) @ http://localhost/saas-ugc/api/track_time.php:0
[331386553ms] [ERROR] Failed to load resource: the server responded with a status of 401 (Unauthorized) @ http://localhost/saas-ugc/api/track_time.php:0
[331416134ms] [ERROR] Failed to load resource: the server responded with a status of 401 (Unauthorized) @ http://localhost/saas-ugc/api/track_time.php:0
[331476130ms] [ERROR] Failed to load resource: the server responded with a status of 401 (Unauthorized) @ http://localhost/saas-ugc/api/track_time.php:0
[331536138ms] [ERROR] Failed to load resource: the server responded with a status of 401 (Unauthorized) @ http://localhost/saas-ugc/api/track_time.php:0
[331596126ms] [ERROR] Failed to load resource: the server responded with a status of 401 (Unauthorized) @ http://localhost/saas-ugc/api/track_time.php:0
[331656133ms] [ERROR] Failed to load resource: the server responded with a status of 401 (Unauthorized) @ http://localhost/saas-ugc/api/track_time.php:0
[331716125ms] [ERROR] Failed to load resource: the server responded with a status of 401 (Unauthorized) @ http://localhost/saas-ugc/api/track_time.php:0
[331746123ms] [ERROR] Failed to load resource: the server responded with a status of 401 (Unauthorized) @ http://localhost/saas-ugc/api/track_time.php:0
[331776127ms] [ERROR] Failed to load resource: the server responded with a status of 401 (Unauthorized) @ http://localhost/saas-ugc/api/track_time.php:0
[331806132ms] [ERROR] Failed to load resource: the server responded with a status of 401 (Unauthorized) @ http://localhost/saas-ugc/api/track_time.php:0
[331866132ms] [ERROR] Failed to load resource: the server responded with a status of 401 (Unauthorized) @ http://localhost/saas-ugc/api/track_time.php:0
[331896127ms] [ERROR] Failed to load resource: the server responded with a status of 401 (Unauthorized) @ http://localhost/saas-ugc/api/track_time.php:0
[331926135ms] [ERROR] Failed to load resource: the server responded with a status of 401 (Unauthorized) @ http://localhost/saas-ugc/api/track_time.php:0
[331986126ms] [ERROR] Failed to load resource: the server responded with a status of 401 (Unauthorized) @ http://localhost/saas-ugc/api/track_time.php:0
[332016129ms] [ERROR] Failed to load resource: the server responded with a status of 401 (Unauthorized) @ http://localhost/saas-ugc/api/track_time.php:0
[332076132ms] [ERROR] Failed to load resource: the server responded with a status of 401 (Unauthorized) @ http://localhost/saas-ugc/api/track_time.php:0
[332136136ms] [ERROR] Failed to load resource: the server responded with a status of 401 (Unauthorized) @ http://localhost/saas-ugc/api/track_time.php:0
[332196120ms] [ERROR] Failed to load resource: the server responded with a status of 401 (Unauthorized) @ http://localhost/saas-ugc/api/track_time.php:0
[332226131ms] [ERROR] Failed to load resource: the server responded with a status of 401 (Unauthorized) @ http://localhost/saas-ugc/api/track_time.php:0
[332286137ms] [ERROR] Failed to load resource: the server responded with a status of 401 (Unauthorized) @ http://localhost/saas-ugc/api/track_time.php:0
[332346135ms] [ERROR] Failed to load resource: the server responded with a status of 401 (Unauthorized) @ http://localhost/saas-ugc/api/track_time.php:0
[332406122ms] [ERROR] Failed to load resource: the server responded with a status of 401 (Unauthorized) @ http://localhost/saas-ugc/api/track_time.php:0
[332436123ms] [ERROR] Failed to load resource: the server responded with a status of 401 (Unauthorized) @ http://localhost/saas-ugc/api/track_time.php:0
[332466121ms] [ERROR] Failed to load resource: the server responded with a status of 401 (Unauthorized) @ http://localhost/saas-ugc/api/track_time.php:0
[332496124ms] [ERROR] Failed to load resource: the server responded with a status of 401 (Unauthorized) @ http://localhost/saas-ugc/api/track_time.php:0
[332526125ms] [ERROR] Failed to load resource: the server responded with a status of 401 (Unauthorized) @ http://localhost/saas-ugc/api/track_time.php:0
[332556126ms] [ERROR] Failed to load resource: the server responded with a status of 401 (Unauthorized) @ http://localhost/saas-ugc/api/track_time.php:0
[332616126ms] [ERROR] Failed to load resource: the server responded with a status of 401 (Unauthorized) @ http://localhost/saas-ugc/api/track_time.php:0
[332646127ms] [ERROR] Failed to load resource: the server responded with a status of 401 (Unauthorized) @ http://localhost/saas-ugc/api/track_time.php:0
[332676129ms] [ERROR] Failed to load resource: the server responded with a status of 401 (Unauthorized) @ http://localhost/saas-ugc/api/track_time.php:0
[332736132ms] [ERROR] Failed to load resource: the server responded with a status of 401 (Unauthorized) @ http://localhost/saas-ugc/api/track_time.php:0
[332766137ms] [ERROR] Failed to load resource: the server responded with a status of 401 (Unauthorized) @ http://localhost/saas-ugc/api/track_time.php:0
[332826137ms] [ERROR] Failed to load resource: the server responded with a status of 401 (Unauthorized) @ http://localhost/saas-ugc/api/track_time.php:0
[332886135ms] [ERROR] Failed to load resource: the server responded with a status of 401 (Unauthorized) @ http://localhost/saas-ugc/api/track_time.php:0
[332946129ms] [ERROR] Failed to load resource: the server responded with a status of 401 (Unauthorized) @ http://localhost/saas-ugc/api/track_time.php:0
[333006135ms] [ERROR] Failed to load resource: the server responded with a status of 401 (Unauthorized) @ http://localhost/saas-ugc/api/track_time.php:0
[333036136ms] [ERROR] Failed to load resource: the server responded with a status of 401 (Unauthorized) @ http://localhost/saas-ugc/api/track_time.php:0
[333096130ms] [ERROR] Failed to load resource: the server responded with a status of 401 (Unauthorized) @ http://localhost/saas-ugc/api/track_time.php:0
[333156133ms] [ERROR] Failed to load resource: the server responded with a status of 401 (Unauthorized) @ http://localhost/saas-ugc/api/track_time.php:0
[333216129ms] [ERROR] Failed to load resource: the server responded with a status of 401 (Unauthorized) @ http://localhost/saas-ugc/api/track_time.php:0
[333246132ms] [ERROR] Failed to load resource: the server responded with a status of 401 (Unauthorized) @ http://localhost/saas-ugc/api/track_time.php:0
[333276133ms] [ERROR] Failed to load resource: the server responded with a status of 401 (Unauthorized) @ http://localhost/saas-ugc/api/track_time.php:0
[333336122ms] [ERROR] Failed to load resource: the server responded with a status of 401 (Unauthorized) @ http://localhost/saas-ugc/api/track_time.php:0
[333366124ms] [ERROR] Failed to load resource: the server responded with a status of 401 (Unauthorized) @ http://localhost/saas-ugc/api/track_time.php:0
[333426129ms] [ERROR] Failed to load resource: the server responded with a status of 401 (Unauthorized) @ http://localhost/saas-ugc/api/track_time.php:0
[333456135ms] [ERROR] Failed to load resource: the server responded with a status of 401 (Unauthorized) @ http://localhost/saas-ugc/api/track_time.php:0
[333516131ms] [ERROR] Failed to load resource: the server responded with a status of 401 (Unauthorized) @ http://localhost/saas-ugc/api/track_time.php:0
[333546134ms] [ERROR] Failed to load resource: the server responded with a status of 401 (Unauthorized) @ http://localhost/saas-ugc/api/track_time.php:0
[333606126ms] [ERROR] Failed to load resource: the server responded with a status of 401 (Unauthorized) @ http://localhost/saas-ugc/api/track_time.php:0
[333636128ms] [ERROR] Failed to load resource: the server responded with a status of 401 (Unauthorized) @ http://localhost/saas-ugc/api/track_time.php:0
[333666125ms] [ERROR] Failed to load resource: the server responded with a status of 401 (Unauthorized) @ http://localhost/saas-ugc/api/track_time.php:0
[333696127ms] [ERROR] Failed to load resource: the server responded with a status of 401 (Unauthorized) @ http://localhost/saas-ugc/api/track_time.php:0
[333726130ms] [ERROR] Failed to load resource: the server responded with a status of 401 (Unauthorized) @ http://localhost/saas-ugc/api/track_time.php:0
[333786125ms] [ERROR] Failed to load resource: the server responded with a status of 401 (Unauthorized) @ http://localhost/saas-ugc/api/track_time.php:0
[333846131ms] [ERROR] Failed to load resource: the server responded with a status of 401 (Unauthorized) @ http://localhost/saas-ugc/api/track_time.php:0
[333876132ms] [ERROR] Failed to load resource: the server responded with a status of 401 (Unauthorized) @ http://localhost/saas-ugc/api/track_time.php:0
[333936133ms] [ERROR] Failed to load resource: the server responded with a status of 401 (Unauthorized) @ http://localhost/saas-ugc/api/track_time.php:0
[333996124ms] [ERROR] Failed to load resource: the server responded with a status of 401 (Unauthorized) @ http://localhost/saas-ugc/api/track_time.php:0
[334026131ms] [ERROR] Failed to load resource: the server responded with a status of 401 (Unauthorized) @ http://localhost/saas-ugc/api/track_time.php:0
[334086126ms] [ERROR] Failed to load resource: the server responded with a status of 401 (Unauthorized) @ http://localhost/saas-ugc/api/track_time.php:0
[334146120ms] [ERROR] Failed to load resource: the server responded with a status of 401 (Unauthorized) @ http://localhost/saas-ugc/api/track_time.php:0
[334176135ms] [ERROR] Failed to load resource: the server responded with a status of 401 (Unauthorized) @ http://localhost/saas-ugc/api/track_time.php:0
[334236128ms] [ERROR] Failed to load resource: the server responded with a status of 401 (Unauthorized) @ http://localhost/saas-ugc/api/track_time.php:0
[334266134ms] [ERROR] Failed to load resource: the server responded with a status of 401 (Unauthorized) @ http://localhost/saas-ugc/api/track_time.php:0
[334326130ms] [ERROR] Failed to load resource: the server responded with a status of 401 (Unauthorized) @ http://localhost/saas-ugc/api/track_time.php:0
[334386129ms] [ERROR] Failed to load resource: the server responded with a status of 401 (Unauthorized) @ http://localhost/saas-ugc/api/track_time.php:0
[334446125ms] [ERROR] Failed to load resource: the server responded with a status of 401 (Unauthorized) @ http://localhost/saas-ugc/api/track_time.php:0
[334476134ms] [ERROR] Failed to load resource: the server responded with a status of 401 (Unauthorized) @ http://localhost/saas-ugc/api/track_time.php:0
[334536131ms] [ERROR] Failed to load resource: the server responded with a status of 401 (Unauthorized) @ http://localhost/saas-ugc/api/track_time.php:0
[334566133ms] [ERROR] Failed to load resource: the server responded with a status of 401 (Unauthorized) @ http://localhost/saas-ugc/api/track_time.php:0
[334596136ms] [ERROR] Failed to load resource: the server responded with a status of 401 (Unauthorized) @ http://localhost/saas-ugc/api/track_time.php:0
[334656135ms] [ERROR] Failed to load resource: the server responded with a status of 401 (Unauthorized) @ http://localhost/saas-ugc/api/track_time.php:0
[334716122ms] [ERROR] Failed to load resource: the server responded with a status of 401 (Unauthorized) @ http://localhost/saas-ugc/api/track_time.php:0
[334746125ms] [ERROR] Failed to load resource: the server responded with a status of 401 (Unauthorized) @ http://localhost/saas-ugc/api/track_time.php:0
[334806123ms] [ERROR] Failed to load resource: the server responded with a status of 401 (Unauthorized) @ http://localhost/saas-ugc/api/track_time.php:0
[334836132ms] [ERROR] Failed to load resource: the server responded with a status of 401 (Unauthorized) @ http://localhost/saas-ugc/api/track_time.php:0
[334866134ms] [ERROR] Failed to load resource: the server responded with a status of 401 (Unauthorized) @ http://localhost/saas-ugc/api/track_time.php:0
[334896134ms] [ERROR] Failed to load resource: the server responded with a status of 401 (Unauthorized) @ http://localhost/saas-ugc/api/track_time.php:0
[334956122ms] [ERROR] Failed to load resource: the server responded with a status of 401 (Unauthorized) @ http://localhost/saas-ugc/api/track_time.php:0
[335016128ms] [ERROR] Failed to load resource: the server responded with a status of 401 (Unauthorized) @ http://localhost/saas-ugc/api/track_time.php:0
[335046131ms] [ERROR] Failed to load resource: the server responded with a status of 401 (Unauthorized) @ http://localhost/saas-ugc/api/track_time.php:0
[335106123ms] [ERROR] Failed to load resource: the server responded with a status of 401 (Unauthorized) @ http://localhost/saas-ugc/api/track_time.php:0
[335136129ms] [ERROR] Failed to load resource: the server responded with a status of 401 (Unauthorized) @ http://localhost/saas-ugc/api/track_time.php:0
[335196126ms] [ERROR] Failed to load resource: the server responded with a status of 401 (Unauthorized) @ http://localhost/saas-ugc/api/track_time.php:0
[335226136ms] [ERROR] Failed to load resource: the server responded with a status of 401 (Unauthorized) @ http://localhost/saas-ugc/api/track_time.php:0
[335286132ms] [ERROR] Failed to load resource: the server responded with a status of 401 (Unauthorized) @ http://localhost/saas-ugc/api/track_time.php:0
[335346127ms] [ERROR] Failed to load resource: the server responded with a status of 401 (Unauthorized) @ http://localhost/saas-ugc/api/track_time.php:0
[335376137ms] [ERROR] Failed to load resource: the server responded with a status of 401 (Unauthorized) @ http://localhost/saas-ugc/api/track_time.php:0
[335436132ms] [ERROR] Failed to load resource: the server responded with a status of 401 (Unauthorized) @ http://localhost/saas-ugc/api/track_time.php:0
[335466136ms] [ERROR] Failed to load resource: the server responded with a status of 401 (Unauthorized) @ http://localhost/saas-ugc/api/track_time.php:0
[335526136ms] [ERROR] Failed to load resource: the server responded with a status of 401 (Unauthorized) @ http://localhost/saas-ugc/api/track_time.php:0
[335586128ms] [ERROR] Failed to load resource: the server responded with a status of 401 (Unauthorized) @ http://localhost/saas-ugc/api/track_time.php:0
[335646133ms] [ERROR] Failed to load resource: the server responded with a status of 401 (Unauthorized) @ http://localhost/saas-ugc/api/track_time.php:0
[335706124ms] [ERROR] Failed to load resource: the server responded with a status of 401 (Unauthorized) @ http://localhost/saas-ugc/api/track_time.php:0
[335766134ms] [ERROR] Failed to load resource: the server responded with a status of 401 (Unauthorized) @ http://localhost/saas-ugc/api/track_time.php:0
[335826136ms] [ERROR] Failed to load resource: the server responded with a status of 401 (Unauthorized) @ http://localhost/saas-ugc/api/track_time.php:0
[335886124ms] [ERROR] Failed to load resource: the server responded with a status of 401 (Unauthorized) @ http://localhost/saas-ugc/api/track_time.php:0
[335916136ms] [ERROR] Failed to load resource: the server responded with a status of 401 (Unauthorized) @ http://localhost/saas-ugc/api/track_time.php:0
[335946133ms] [ERROR] Failed to load resource: the server responded with a status of 401 (Unauthorized) @ http://localhost/saas-ugc/api/track_time.php:0
[336006131ms] [ERROR] Failed to load resource: the server responded with a status of 401 (Unauthorized) @ http://localhost/saas-ugc/api/track_time.php:0
[336066126ms] [ERROR] Failed to load resource: the server responded with a status of 401 (Unauthorized) @ http://localhost/saas-ugc/api/track_time.php:0
[336096127ms] [ERROR] Failed to load resource: the server responded with a status of 401 (Unauthorized) @ http://localhost/saas-ugc/api/track_time.php:0
[336156129ms] [ERROR] Failed to load resource: the server responded with a status of 401 (Unauthorized) @ http://localhost/saas-ugc/api/track_time.php:0
[336216135ms] [ERROR] Failed to load resource: the server responded with a status of 401 (Unauthorized) @ http://localhost/saas-ugc/api/track_time.php:0
[336276127ms] [ERROR] Failed to load resource: the server responded with a status of 401 (Unauthorized) @ http://localhost/saas-ugc/api/track_time.php:0
[336336122ms] [ERROR] Failed to load resource: the server responded with a status of 401 (Unauthorized) @ http://localhost/saas-ugc/api/track_time.php:0
[336366132ms] [ERROR] Failed to load resource: the server responded with a status of 401 (Unauthorized) @ http://localhost/saas-ugc/api/track_time.php:0
[336426129ms] [ERROR] Failed to load resource: the server responded with a status of 401 (Unauthorized) @ http://localhost/saas-ugc/api/track_time.php:0
[336456130ms] [ERROR] Failed to load resource: the server responded with a status of 401 (Unauthorized) @ http://localhost/saas-ugc/api/track_time.php:0
[336486131ms] [ERROR] Failed to load resource: the server responded with a status of 401 (Unauthorized) @ http://localhost/saas-ugc/api/track_time.php:0
[336546133ms] [ERROR] Failed to load resource: the server responded with a status of 401 (Unauthorized) @ http://localhost/saas-ugc/api/track_time.php:0
[336606130ms] [ERROR] Failed to load resource: the server responded with a status of 401 (Unauthorized) @ http://localhost/saas-ugc/api/track_time.php:0
[336666128ms] [ERROR] Failed to load resource: the server responded with a status of 401 (Unauthorized) @ http://localhost/saas-ugc/api/track_time.php:0
[336726122ms] [ERROR] Failed to load resource: the server responded with a status of 401 (Unauthorized) @ http://localhost/saas-ugc/api/track_time.php:0
[336756128ms] [ERROR] Failed to load resource: the server responded with a status of 401 (Unauthorized) @ http://localhost/saas-ugc/api/track_time.php:0
[336816127ms] [ERROR] Failed to load resource: the server responded with a status of 401 (Unauthorized) @ http://localhost/saas-ugc/api/track_time.php:0
[336876123ms] [ERROR] Failed to load resource: the server responded with a status of 401 (Unauthorized) @ http://localhost/saas-ugc/api/track_time.php:0
[336936136ms] [ERROR] Failed to load resource: the server responded with a status of 401 (Unauthorized) @ http://localhost/saas-ugc/api/track_time.php:0
[336996138ms] [ERROR] Failed to load resource: the server responded with a status of 401 (Unauthorized) @ http://localhost/saas-ugc/api/track_time.php:0
[337056127ms] [ERROR] Failed to load resource: the server responded with a status of 401 (Unauthorized) @ http://localhost/saas-ugc/api/track_time.php:0
[337086132ms] [ERROR] Failed to load resource: the server responded with a status of 401 (Unauthorized) @ http://localhost/saas-ugc/api/track_time.php:0
[337116133ms] [ERROR] Failed to load resource: the server responded with a status of 401 (Unauthorized) @ http://localhost/saas-ugc/api/track_time.php:0
[337176125ms] [ERROR] Failed to load resource: the server responded with a status of 401 (Unauthorized) @ http://localhost/saas-ugc/api/track_time.php:0
[337206123ms] [ERROR] Failed to load resource: the server responded with a status of 401 (Unauthorized) @ http://localhost/saas-ugc/api/track_time.php:0
[337236130ms] [ERROR] Failed to load resource: the server responded with a status of 401 (Unauthorized) @ http://localhost/saas-ugc/api/track_time.php:0
[337266133ms] [ERROR] Failed to load resource: the server responded with a status of 401 (Unauthorized) @ http://localhost/saas-ugc/api/track_time.php:0
[337296133ms] [ERROR] Failed to load resource: the server responded with a status of 401 (Unauthorized) @ http://localhost/saas-ugc/api/track_time.php:0
[337356124ms] [ERROR] Failed to load resource: the server responded with a status of 401 (Unauthorized) @ http://localhost/saas-ugc/api/track_time.php:0
[337386122ms] [ERROR] Failed to load resource: the server responded with a status of 401 (Unauthorized) @ http://localhost/saas-ugc/api/track_time.php:0
[337446131ms] [ERROR] Failed to load resource: the server responded with a status of 401 (Unauthorized) @ http://localhost/saas-ugc/api/track_time.php:0
[337476131ms] [ERROR] Failed to load resource: the server responded with a status of 401 (Unauthorized) @ http://localhost/saas-ugc/api/track_time.php:0
[337536123ms] [ERROR] Failed to load resource: the server responded with a status of 401 (Unauthorized) @ http://localhost/saas-ugc/api/track_time.php:0
[337566133ms] [ERROR] Failed to load resource: the server responded with a status of 401 (Unauthorized) @ http://localhost/saas-ugc/api/track_time.php:0
[337596136ms] [ERROR] Failed to load resource: the server responded with a status of 401 (Unauthorized) @ http://localhost/saas-ugc/api/track_time.php:0
[337656121ms] [ERROR] Failed to load resource: the server responded with a status of 401 (Unauthorized) @ http://localhost/saas-ugc/api/track_time.php:0
[337686122ms] [ERROR] Failed to load resource: the server responded with a status of 401 (Unauthorized) @ http://localhost/saas-ugc/api/track_time.php:0
[337716125ms] [ERROR] Failed to load resource: the server responded with a status of 401 (Unauthorized) @ http://localhost/saas-ugc/api/track_time.php:0
[337776122ms] [ERROR] Failed to load resource: the server responded with a status of 401 (Unauthorized) @ http://localhost/saas-ugc/api/track_time.php:0
[337806124ms] [ERROR] Failed to load resource: the server responded with a status of 401 (Unauthorized) @ http://localhost/saas-ugc/api/track_time.php:0
[337866123ms] [ERROR] Failed to load resource: the server responded with a status of 401 (Unauthorized) @ http://localhost/saas-ugc/api/track_time.php:0
[337896120ms] [ERROR] Failed to load resource: the server responded with a status of 401 (Unauthorized) @ http://localhost/saas-ugc/api/track_time.php:0
[337926123ms] [ERROR] Failed to load resource: the server responded with a status of 401 (Unauthorized) @ http://localhost/saas-ugc/api/track_time.php:0
[337956129ms] [ERROR] Failed to load resource: the server responded with a status of 401 (Unauthorized) @ http://localhost/saas-ugc/api/track_time.php:0
[338016138ms] [ERROR] Failed to load resource: the server responded with a status of 401 (Unauthorized) @ http://localhost/saas-ugc/api/track_time.php:0
[338076133ms] [ERROR] Failed to load resource: the server responded with a status of 401 (Unauthorized) @ http://localhost/saas-ugc/api/track_time.php:0
[349919661ms] [ERROR] Failed to load resource: the server responded with a status of 401 (Unauthorized) @ http://localhost/saas-ugc/api/track_time.php:0
[349955966ms] [ERROR] Failed to load resource: the server responded with a status of 401 (Unauthorized) @ http://localhost/saas-ugc/api/track_time.php:0
[349985960ms] [ERROR] Failed to load resource: the server responded with a status of 401 (Unauthorized) @ http://localhost/saas-ugc/api/track_time.php:0
[350045970ms] [ERROR] Failed to load resource: the server responded with a status of 401 (Unauthorized) @ http://localhost/saas-ugc/api/track_time.php:0
[350075955ms] [ERROR] Failed to load resource: the server responded with a status of 401 (Unauthorized) @ http://localhost/saas-ugc/api/track_time.php:0
[350135964ms] [ERROR] Failed to load resource: the server responded with a status of 401 (Unauthorized) @ http://localhost/saas-ugc/api/track_time.php:0
[350165960ms] [ERROR] Failed to load resource: the server responded with a status of 401 (Unauthorized) @ http://localhost/saas-ugc/api/track_time.php:0
[350195966ms] [ERROR] Failed to load resource: the server responded with a status of 401 (Unauthorized) @ http://localhost/saas-ugc/api/track_time.php:0
[350255963ms] [ERROR] Failed to load resource: the server responded with a status of 401 (Unauthorized) @ http://localhost/saas-ugc/api/track_time.php:0
[350315957ms] [ERROR] Failed to load resource: the server responded with a status of 401 (Unauthorized) @ http://localhost/saas-ugc/api/track_time.php:0
[350375968ms] [ERROR] Failed to load resource: the server responded with a status of 401 (Unauthorized) @ http://localhost/saas-ugc/api/track_time.php:0
[350435958ms] [ERROR] Failed to load resource: the server responded with a status of 401 (Unauthorized) @ http://localhost/saas-ugc/api/track_time.php:0
[350465965ms] [ERROR] Failed to load resource: the server responded with a status of 401 (Unauthorized) @ http://localhost/saas-ugc/api/track_time.php:0
[350495961ms] [ERROR] Failed to load resource: the server responded with a status of 401 (Unauthorized) @ http://localhost/saas-ugc/api/track_time.php:0
[350555967ms] [ERROR] Failed to load resource: the server responded with a status of 401 (Unauthorized) @ http://localhost/saas-ugc/api/track_time.php:0
[350586428ms] [ERROR] Failed to load resource: the server responded with a status of 401 (Unauthorized) @ http://localhost/saas-ugc/api/track_time.php:0
[350645952ms] [ERROR] Failed to load resource: the server responded with a status of 401 (Unauthorized) @ http://localhost/saas-ugc/api/track_time.php:0
[350675960ms] [ERROR] Failed to load resource: the server responded with a status of 401 (Unauthorized) @ http://localhost/saas-ugc/api/track_time.php:0
[350705963ms] [ERROR] Failed to load resource: the server responded with a status of 401 (Unauthorized) @ http://localhost/saas-ugc/api/track_time.php:0
[350735963ms] [ERROR] Failed to load resource: the server responded with a status of 401 (Unauthorized) @ http://localhost/saas-ugc/api/track_time.php:0
[350765957ms] [ERROR] Failed to load resource: the server responded with a status of 401 (Unauthorized) @ http://localhost/saas-ugc/api/track_time.php:0
[350825964ms] [ERROR] Failed to load resource: the server responded with a status of 401 (Unauthorized) @ http://localhost/saas-ugc/api/track_time.php:0
[350885963ms] [ERROR] Failed to load resource: the server responded with a status of 401 (Unauthorized) @ http://localhost/saas-ugc/api/track_time.php:0
[350915971ms] [ERROR] Failed to load resource: the server responded with a status of 401 (Unauthorized) @ http://localhost/saas-ugc/api/track_time.php:0
[350975951ms] [ERROR] Failed to load resource: the server responded with a status of 401 (Unauthorized) @ http://localhost/saas-ugc/api/track_time.php:0
[351005960ms] [ERROR] Failed to load resource: the server responded with a status of 401 (Unauthorized) @ http://localhost/saas-ugc/api/track_time.php:0
[351065970ms] [ERROR] Failed to load resource: the server responded with a status of 401 (Unauthorized) @ http://localhost/saas-ugc/api/track_time.php:0
[351125951ms] [ERROR] Failed to load resource: the server responded with a status of 401 (Unauthorized) @ http://localhost/saas-ugc/api/track_time.php:0
[351155955ms] [ERROR] Failed to load resource: the server responded with a status of 401 (Unauthorized) @ http://localhost/saas-ugc/api/track_time.php:0
[351185954ms] [ERROR] Failed to load resource: the server responded with a status of 401 (Unauthorized) @ http://localhost/saas-ugc/api/track_time.php:0
[351245967ms] [ERROR] Failed to load resource: the server responded with a status of 401 (Unauthorized) @ http://localhost/saas-ugc/api/track_time.php:0
[351305951ms] [ERROR] Failed to load resource: the server responded with a status of 401 (Unauthorized) @ http://localhost/saas-ugc/api/track_time.php:0
[351335961ms] [ERROR] Failed to load resource: the server responded with a status of 401 (Unauthorized) @ http://localhost/saas-ugc/api/track_time.php:0
[351395971ms] [ERROR] Failed to load resource: the server responded with a status of 401 (Unauthorized) @ http://localhost/saas-ugc/api/track_time.php:0
[351425960ms] [ERROR] Failed to load resource: the server responded with a status of 401 (Unauthorized) @ http://localhost/saas-ugc/api/track_time.php:0
[351485952ms] [ERROR] Failed to load resource: the server responded with a status of 401 (Unauthorized) @ http://localhost/saas-ugc/api/track_time.php:0
[351515967ms] [ERROR] Failed to load resource: the server responded with a status of 401 (Unauthorized) @ http://localhost/saas-ugc/api/track_time.php:0
[351575956ms] [ERROR] Failed to load resource: the server responded with a status of 401 (Unauthorized) @ http://localhost/saas-ugc/api/track_time.php:0
[351635963ms] [ERROR] Failed to load resource: the server responded with a status of 401 (Unauthorized) @ http://localhost/saas-ugc/api/track_time.php:0
[351665964ms] [ERROR] Failed to load resource: the server responded with a status of 401 (Unauthorized) @ http://localhost/saas-ugc/api/track_time.php:0
[351725956ms] [ERROR] Failed to load resource: the server responded with a status of 401 (Unauthorized) @ http://localhost/saas-ugc/api/track_time.php:0
[351785961ms] [ERROR] Failed to load resource: the server responded with a status of 401 (Unauthorized) @ http://localhost/saas-ugc/api/track_time.php:0
[351815968ms] [ERROR] Failed to load resource: the server responded with a status of 401 (Unauthorized) @ http://localhost/saas-ugc/api/track_time.php:0
[351875963ms] [ERROR] Failed to load resource: the server responded with a status of 401 (Unauthorized) @ http://localhost/saas-ugc/api/track_time.php:0
[351905957ms] [ERROR] Failed to load resource: the server responded with a status of 401 (Unauthorized) @ http://localhost/saas-ugc/api/track_time.php:0
[351965955ms] [ERROR] Failed to load resource: the server responded with a status of 401 (Unauthorized) @ http://localhost/saas-ugc/api/track_time.php:0
[352025970ms] [ERROR] Failed to load resource: the server responded with a status of 401 (Unauthorized) @ http://localhost/saas-ugc/api/track_time.php:0
[352085961ms] [ERROR] Failed to load resource: the server responded with a status of 401 (Unauthorized) @ http://localhost/saas-ugc/api/track_time.php:0
[352145955ms] [ERROR] Failed to load resource: the server responded with a status of 401 (Unauthorized) @ http://localhost/saas-ugc/api/track_time.php:0
[352175957ms] [ERROR] Failed to load resource: the server responded with a status of 401 (Unauthorized) @ http://localhost/saas-ugc/api/track_time.php:0
[352205958ms] [ERROR] Failed to load resource: the server responded with a status of 401 (Unauthorized) @ http://localhost/saas-ugc/api/track_time.php:0
[352265961ms] [ERROR] Failed to load resource: the server responded with a status of 401 (Unauthorized) @ http://localhost/saas-ugc/api/track_time.php:0
[352325957ms] [ERROR] Failed to load resource: the server responded with a status of 401 (Unauthorized) @ http://localhost/saas-ugc/api/track_time.php:0
[352385957ms] [ERROR] Failed to load resource: the server responded with a status of 401 (Unauthorized) @ http://localhost/saas-ugc/api/track_time.php:0
[352415957ms] [ERROR] Failed to load resource: the server responded with a status of 401 (Unauthorized) @ http://localhost/saas-ugc/api/track_time.php:0
[352445969ms] [ERROR] Failed to load resource: the server responded with a status of 401 (Unauthorized) @ http://localhost/saas-ugc/api/track_time.php:0
[352505951ms] [ERROR] Failed to load resource: the server responded with a status of 401 (Unauthorized) @ http://localhost/saas-ugc/api/track_time.php:0
[352535958ms] [ERROR] Failed to load resource: the server responded with a status of 401 (Unauthorized) @ http://localhost/saas-ugc/api/track_time.php:0
[352595957ms] [ERROR] Failed to load resource: the server responded with a status of 401 (Unauthorized) @ http://localhost/saas-ugc/api/track_time.php:0
[352625965ms] [ERROR] Failed to load resource: the server responded with a status of 401 (Unauthorized) @ http://localhost/saas-ugc/api/track_time.php:0
[352685961ms] [ERROR] Failed to load resource: the server responded with a status of 401 (Unauthorized) @ http://localhost/saas-ugc/api/track_time.php:0
[352745953ms] [ERROR] Failed to load resource: the server responded with a status of 401 (Unauthorized) @ http://localhost/saas-ugc/api/track_time.php:0
[352805961ms] [ERROR] Failed to load resource: the server responded with a status of 401 (Unauthorized) @ http://localhost/saas-ugc/api/track_time.php:0
[352835954ms] [ERROR] Failed to load resource: the server responded with a status of 401 (Unauthorized) @ http://localhost/saas-ugc/api/track_time.php:0
[352895950ms] [ERROR] Failed to load resource: the server responded with a status of 401 (Unauthorized) @ http://localhost/saas-ugc/api/track_time.php:0
[352955956ms] [ERROR] Failed to load resource: the server responded with a status of 401 (Unauthorized) @ http://localhost/saas-ugc/api/track_time.php:0
[352985954ms] [ERROR] Failed to load resource: the server responded with a status of 401 (Unauthorized) @ http://localhost/saas-ugc/api/track_time.php:0
[353045955ms] [ERROR] Failed to load resource: the server responded with a status of 401 (Unauthorized) @ http://localhost/saas-ugc/api/track_time.php:0
[353105952ms] [ERROR] Failed to load resource: the server responded with a status of 401 (Unauthorized) @ http://localhost/saas-ugc/api/track_time.php:0
[353165954ms] [ERROR] Failed to load resource: the server responded with a status of 401 (Unauthorized) @ http://localhost/saas-ugc/api/track_time.php:0
[353195949ms] [ERROR] Failed to load resource: the server responded with a status of 401 (Unauthorized) @ http://localhost/saas-ugc/api/track_time.php:0
[353225948ms] [ERROR] Failed to load resource: the server responded with a status of 401 (Unauthorized) @ http://localhost/saas-ugc/api/track_time.php:0
[353255957ms] [ERROR] Failed to load resource: the server responded with a status of 401 (Unauthorized) @ http://localhost/saas-ugc/api/track_time.php:0
[353285968ms] [ERROR] Failed to load resource: the server responded with a status of 401 (Unauthorized) @ http://localhost/saas-ugc/api/track_time.php:0
[353345958ms] [ERROR] Failed to load resource: the server responded with a status of 401 (Unauthorized) @ http://localhost/saas-ugc/api/track_time.php:0
[353375966ms] [ERROR] Failed to load resource: the server responded with a status of 401 (Unauthorized) @ http://localhost/saas-ugc/api/track_time.php:0
[353435956ms] [ERROR] Failed to load resource: the server responded with a status of 401 (Unauthorized) @ http://localhost/saas-ugc/api/track_time.php:0
[353465963ms] [ERROR] Failed to load resource: the server responded with a status of 401 (Unauthorized) @ http://localhost/saas-ugc/api/track_time.php:0
[353525961ms] [ERROR] Failed to load resource: the server responded with a status of 401 (Unauthorized) @ http://localhost/saas-ugc/api/track_time.php:0
[353585959ms] [ERROR] Failed to load resource: the server responded with a status of 401 (Unauthorized) @ http://localhost/saas-ugc/api/track_time.php:0
[353645954ms] [ERROR] Failed to load resource: the server responded with a status of 401 (Unauthorized) @ http://localhost/saas-ugc/api/track_time.php:0
[353675959ms] [ERROR] Failed to load resource: the server responded with a status of 401 (Unauthorized) @ http://localhost/saas-ugc/api/track_time.php:0
[353735965ms] [ERROR] Failed to load resource: the server responded with a status of 401 (Unauthorized) @ http://localhost/saas-ugc/api/track_time.php:0
[353795957ms] [ERROR] Failed to load resource: the server responded with a status of 401 (Unauthorized) @ http://localhost/saas-ugc/api/track_time.php:0
[353825961ms] [ERROR] Failed to load resource: the server responded with a status of 401 (Unauthorized) @ http://localhost/saas-ugc/api/track_time.php:0
[353885965ms] [ERROR] Failed to load resource: the server responded with a status of 401 (Unauthorized) @ http://localhost/saas-ugc/api/track_time.php:0
[353945962ms] [ERROR] Failed to load resource: the server responded with a status of 401 (Unauthorized) @ http://localhost/saas-ugc/api/track_time.php:0
[354005960ms] [ERROR] Failed to load resource: the server responded with a status of 401 (Unauthorized) @ http://localhost/saas-ugc/api/track_time.php:0
[354035969ms] [ERROR] Failed to load resource: the server responded with a status of 401 (Unauthorized) @ http://localhost/saas-ugc/api/track_time.php:0
[354095953ms] [ERROR] Failed to load resource: the server responded with a status of 401 (Unauthorized) @ http://localhost/saas-ugc/api/track_time.php:0
[354125952ms] [ERROR] Failed to load resource: the server responded with a status of 401 (Unauthorized) @ http://localhost/saas-ugc/api/track_time.php:0
[354155962ms] [ERROR] Failed to load resource: the server responded with a status of 401 (Unauthorized) @ http://localhost/saas-ugc/api/track_time.php:0
[354185959ms] [ERROR] Failed to load resource: the server responded with a status of 401 (Unauthorized) @ http://localhost/saas-ugc/api/track_time.php:0
[354215967ms] [ERROR] Failed to load resource: the server responded with a status of 401 (Unauthorized) @ http://localhost/saas-ugc/api/track_time.php:0
[354275957ms] [ERROR] Failed to load resource: the server responded with a status of 401 (Unauthorized) @ http://localhost/saas-ugc/api/track_time.php:0
[354335949ms] [ERROR] Failed to load resource: the server responded with a status of 401 (Unauthorized) @ http://localhost/saas-ugc/api/track_time.php:0
[354365962ms] [ERROR] Failed to load resource: the server responded with a status of 401 (Unauthorized) @ http://localhost/saas-ugc/api/track_time.php:0
[354425951ms] [ERROR] Failed to load resource: the server responded with a status of 401 (Unauthorized) @ http://localhost/saas-ugc/api/track_time.php:0
[354455958ms] [ERROR] Failed to load resource: the server responded with a status of 401 (Unauthorized) @ http://localhost/saas-ugc/api/track_time.php:0
[354515959ms] [ERROR] Failed to load resource: the server responded with a status of 401 (Unauthorized) @ http://localhost/saas-ugc/api/track_time.php:0
[354545960ms] [ERROR] Failed to load resource: the server responded with a status of 401 (Unauthorized) @ http://localhost/saas-ugc/api/track_time.php:0
[354605950ms] [ERROR] Failed to load resource: the server responded with a status of 401 (Unauthorized) @ http://localhost/saas-ugc/api/track_time.php:0
[354665963ms] [ERROR] Failed to load resource: the server responded with a status of 401 (Unauthorized) @ http://localhost/saas-ugc/api/track_time.php:0
[354695951ms] [ERROR] Failed to load resource: the server responded with a status of 401 (Unauthorized) @ http://localhost/saas-ugc/api/track_time.php:0
[354725959ms] [ERROR] Failed to load resource: the server responded with a status of 401 (Unauthorized) @ http://localhost/saas-ugc/api/track_time.php:0
[354785959ms] [ERROR] Failed to load resource: the server responded with a status of 401 (Unauthorized) @ http://localhost/saas-ugc/api/track_time.php:0
[354815967ms] [ERROR] Failed to load resource: the server responded with a status of 401 (Unauthorized) @ http://localhost/saas-ugc/api/track_time.php:0
[354875959ms] [ERROR] Failed to load resource: the server responded with a status of 401 (Unauthorized) @ http://localhost/saas-ugc/api/track_time.php:0
[354935953ms] [ERROR] Failed to load resource: the server responded with a status of 401 (Unauthorized) @ http://localhost/saas-ugc/api/track_time.php:0
[354965964ms] [ERROR] Failed to load resource: the server responded with a status of 401 (Unauthorized) @ http://localhost/saas-ugc/api/track_time.php:0
[354995961ms] [ERROR] Failed to load resource: the server responded with a status of 401 (Unauthorized) @ http://localhost/saas-ugc/api/track_time.php:0
[355055956ms] [ERROR] Failed to load resource: the server responded with a status of 401 (Unauthorized) @ http://localhost/saas-ugc/api/track_time.php:0
[355085951ms] [ERROR] Failed to load resource: the server responded with a status of 401 (Unauthorized) @ http://localhost/saas-ugc/api/track_time.php:0
[355145963ms] [ERROR] Failed to load resource: the server responded with a status of 401 (Unauthorized) @ http://localhost/saas-ugc/api/track_time.php:0
[355205958ms] [ERROR] Failed to load resource: the server responded with a status of 401 (Unauthorized) @ http://localhost/saas-ugc/api/track_time.php:0
[355265975ms] [ERROR] Failed to load resource: the server responded with a status of 401 (Unauthorized) @ http://localhost/saas-ugc/api/track_time.php:0
[355325996ms] [ERROR] Failed to load resource: the server responded with a status of 401 (Unauthorized) @ http://localhost/saas-ugc/api/track_time.php:0
[355385973ms] [ERROR] Failed to load resource: the server responded with a status of 401 (Unauthorized) @ http://localhost/saas-ugc/api/track_time.php:0
[355445965ms] [ERROR] Failed to load resource: the server responded with a status of 401 (Unauthorized) @ http://localhost/saas-ugc/api/track_time.php:0
[355505977ms] [ERROR] Failed to load resource: the server responded with a status of 401 (Unauthorized) @ http://localhost/saas-ugc/api/track_time.php:0
[355535973ms] [ERROR] Failed to load resource: the server responded with a status of 401 (Unauthorized) @ http://localhost/saas-ugc/api/track_time.php:0
[355595963ms] [ERROR] Failed to load resource: the server responded with a status of 401 (Unauthorized) @ http://localhost/saas-ugc/api/track_time.php:0
[355625977ms] [ERROR] Failed to load resource: the server responded with a status of 401 (Unauthorized) @ http://localhost/saas-ugc/api/track_time.php:0
[355685973ms] [ERROR] Failed to load resource: the server responded with a status of 401 (Unauthorized) @ http://localhost/saas-ugc/api/track_time.php:0
[355745980ms] [ERROR] Failed to load resource: the server responded with a status of 401 (Unauthorized) @ http://localhost/saas-ugc/api/track_time.php:0
[355775977ms] [ERROR] Failed to load resource: the server responded with a status of 401 (Unauthorized) @ http://localhost/saas-ugc/api/track_time.php:0
[355835984ms] [ERROR] Failed to load resource: the server responded with a status of 401 (Unauthorized) @ http://localhost/saas-ugc/api/track_time.php:0
[355895976ms] [ERROR] Failed to load resource: the server responded with a status of 401 (Unauthorized) @ http://localhost/saas-ugc/api/track_time.php:0
[355955967ms] [ERROR] Failed to load resource: the server responded with a status of 401 (Unauthorized) @ http://localhost/saas-ugc/api/track_time.php:0
[356015973ms] [ERROR] Failed to load resource: the server responded with a status of 401 (Unauthorized) @ http://localhost/saas-ugc/api/track_time.php:0
[356075984ms] [ERROR] Failed to load resource: the server responded with a status of 401 (Unauthorized) @ http://localhost/saas-ugc/api/track_time.php:0
[356135977ms] [ERROR] Failed to load resource: the server responded with a status of 401 (Unauthorized) @ http://localhost/saas-ugc/api/track_time.php:0
[356195970ms] [ERROR] Failed to load resource: the server responded with a status of 401 (Unauthorized) @ http://localhost/saas-ugc/api/track_time.php:0
[356255964ms] [ERROR] Failed to load resource: the server responded with a status of 401 (Unauthorized) @ http://localhost/saas-ugc/api/track_time.php:0
[356285965ms] [ERROR] Failed to load resource: the server responded with a status of 401 (Unauthorized) @ http://localhost/saas-ugc/api/track_time.php:0
[356315967ms] [ERROR] Failed to load resource: the server responded with a status of 401 (Unauthorized) @ http://localhost/saas-ugc/api/track_time.php:0
[356375975ms] [ERROR] Failed to load resource: the server responded with a status of 401 (Unauthorized) @ http://localhost/saas-ugc/api/track_time.php:0
[356435970ms] [ERROR] Failed to load resource: the server responded with a status of 401 (Unauthorized) @ http://localhost/saas-ugc/api/track_time.php:0
[356495969ms] [ERROR] Failed to load resource: the server responded with a status of 401 (Unauthorized) @ http://localhost/saas-ugc/api/track_time.php:0
[356555973ms] [ERROR] Failed to load resource: the server responded with a status of 401 (Unauthorized) @ http://localhost/saas-ugc/api/track_time.php:0
[356615966ms] [ERROR] Failed to load resource: the server responded with a status of 401 (Unauthorized) @ http://localhost/saas-ugc/api/track_time.php:0
[356675958ms] [ERROR] Failed to load resource: the server responded with a status of 401 (Unauthorized) @ http://localhost/saas-ugc/api/track_time.php:0
[356705982ms] [ERROR] Failed to load resource: the server responded with a status of 401 (Unauthorized) @ http://localhost/saas-ugc/api/track_time.php:0
[356765964ms] [ERROR] Failed to load resource: the server responded with a status of 401 (Unauthorized) @ http://localhost/saas-ugc/api/track_time.php:0
[356795967ms] [ERROR] Failed to load resource: the server responded with a status of 401 (Unauthorized) @ http://localhost/saas-ugc/api/track_time.php:0
[356825949ms] [ERROR] Failed to load resource: the server responded with a status of 401 (Unauthorized) @ http://localhost/saas-ugc/api/track_time.php:0
[356885953ms] [ERROR] Failed to load resource: the server responded with a status of 401 (Unauthorized) @ http://localhost/saas-ugc/api/track_time.php:0
[356945952ms] [ERROR] Failed to load resource: the server responded with a status of 401 (Unauthorized) @ http://localhost/saas-ugc/api/track_time.php:0
[356975951ms] [ERROR] Failed to load resource: the server responded with a status of 401 (Unauthorized) @ http://localhost/saas-ugc/api/track_time.php:0
[357035956ms] [ERROR] Failed to load resource: the server responded with a status of 401 (Unauthorized) @ http://localhost/saas-ugc/api/track_time.php:0
[357095946ms] [ERROR] Failed to load resource: the server responded with a status of 401 (Unauthorized) @ http://localhost/saas-ugc/api/track_time.php:0
[357155943ms] [ERROR] Failed to load resource: the server responded with a status of 401 (Unauthorized) @ http://localhost/saas-ugc/api/track_time.php:0
[357185958ms] [ERROR] Failed to load resource: the server responded with a status of 401 (Unauthorized) @ http://localhost/saas-ugc/api/track_time.php:0
[357245949ms] [ERROR] Failed to load resource: the server responded with a status of 401 (Unauthorized) @ http://localhost/saas-ugc/api/track_time.php:0
[357275953ms] [ERROR] Failed to load resource: the server responded with a status of 401 (Unauthorized) @ http://localhost/saas-ugc/api/track_time.php:0
[357335952ms] [ERROR] Failed to load resource: the server responded with a status of 401 (Unauthorized) @ http://localhost/saas-ugc/api/track_time.php:0
[357365953ms] [ERROR] Failed to load resource: the server responded with a status of 401 (Unauthorized) @ http://localhost/saas-ugc/api/track_time.php:0
[357395954ms] [ERROR] Failed to load resource: the server responded with a status of 401 (Unauthorized) @ http://localhost/saas-ugc/api/track_time.php:0
[357455943ms] [ERROR] Failed to load resource: the server responded with a status of 401 (Unauthorized) @ http://localhost/saas-ugc/api/track_time.php:0
[357515945ms] [ERROR] Failed to load resource: the server responded with a status of 401 (Unauthorized) @ http://localhost/saas-ugc/api/track_time.php:0
[357545942ms] [ERROR] Failed to load resource: the server responded with a status of 401 (Unauthorized) @ http://localhost/saas-ugc/api/track_time.php:0
[357575950ms] [ERROR] Failed to load resource: the server responded with a status of 401 (Unauthorized) @ http://localhost/saas-ugc/api/track_time.php:0
[357635945ms] [ERROR] Failed to load resource: the server responded with a status of 401 (Unauthorized) @ http://localhost/saas-ugc/api/track_time.php:0
[357665957ms] [ERROR] Failed to load resource: the server responded with a status of 401 (Unauthorized) @ http://localhost/saas-ugc/api/track_time.php:0
[357725946ms] [ERROR] Failed to load resource: the server responded with a status of 401 (Unauthorized) @ http://localhost/saas-ugc/api/track_time.php:0
[357755953ms] [ERROR] Failed to load resource: the server responded with a status of 401 (Unauthorized) @ http://localhost/saas-ugc/api/track_time.php:0
[357815944ms] [ERROR] Failed to load resource: the server responded with a status of 401 (Unauthorized) @ http://localhost/saas-ugc/api/track_time.php:0
[357845951ms] [ERROR] Failed to load resource: the server responded with a status of 401 (Unauthorized) @ http://localhost/saas-ugc/api/track_time.php:0
[357905952ms] [ERROR] Failed to load resource: the server responded with a status of 401 (Unauthorized) @ http://localhost/saas-ugc/api/track_time.php:0
[357965956ms] [ERROR] Failed to load resource: the server responded with a status of 401 (Unauthorized) @ http://localhost/saas-ugc/api/track_time.php:0
[357995953ms] [ERROR] Failed to load resource: the server responded with a status of 401 (Unauthorized) @ http://localhost/saas-ugc/api/track_time.php:0
[358025953ms] [ERROR] Failed to load resource: the server responded with a status of 401 (Unauthorized) @ http://localhost/saas-ugc/api/track_time.php:0
[358085954ms] [ERROR] Failed to load resource: the server responded with a status of 401 (Unauthorized) @ http://localhost/saas-ugc/api/track_time.php:0
[358145957ms] [ERROR] Failed to load resource: the server responded with a status of 401 (Unauthorized) @ http://localhost/saas-ugc/api/track_time.php:0
[358205950ms] [ERROR] Failed to load resource: the server responded with a status of 401 (Unauthorized) @ http://localhost/saas-ugc/api/track_time.php:0
[358265943ms] [ERROR] Failed to load resource: the server responded with a status of 401 (Unauthorized) @ http://localhost/saas-ugc/api/track_time.php:0
[358295957ms] [ERROR] Failed to load resource: the server responded with a status of 401 (Unauthorized) @ http://localhost/saas-ugc/api/track_time.php:0
[358355946ms] [ERROR] Failed to load resource: the server responded with a status of 401 (Unauthorized) @ http://localhost/saas-ugc/api/track_time.php:0
[358385956ms] [ERROR] Failed to load resource: the server responded with a status of 401 (Unauthorized) @ http://localhost/saas-ugc/api/track_time.php:0
[358445944ms] [ERROR] Failed to load resource: the server responded with a status of 401 (Unauthorized) @ http://localhost/saas-ugc/api/track_time.php:0
[358475946ms] [ERROR] Failed to load resource: the server responded with a status of 401 (Unauthorized) @ http://localhost/saas-ugc/api/track_time.php:0
[358535944ms] [ERROR] Failed to load resource: the server responded with a status of 401 (Unauthorized) @ http://localhost/saas-ugc/api/track_time.php:0
[358565948ms] [ERROR] Failed to load resource: the server responded with a status of 401 (Unauthorized) @ http://localhost/saas-ugc/api/track_time.php:0
[358625940ms] [ERROR] Failed to load resource: the server responded with a status of 401 (Unauthorized) @ http://localhost/saas-ugc/api/track_time.php:0
[358655951ms] [ERROR] Failed to load resource: the server responded with a status of 401 (Unauthorized) @ http://localhost/saas-ugc/api/track_time.php:0
[358715943ms] [ERROR] Failed to load resource: the server responded with a status of 401 (Unauthorized) @ http://localhost/saas-ugc/api/track_time.php:0
[358745953ms] [ERROR] Failed to load resource: the server responded with a status of 401 (Unauthorized) @ http://localhost/saas-ugc/api/track_time.php:0
[358805952ms] [ERROR] Failed to load resource: the server responded with a status of 401 (Unauthorized) @ http://localhost/saas-ugc/api/track_time.php:0
[358865950ms] [ERROR] Failed to load resource: the server responded with a status of 401 (Unauthorized) @ http://localhost/saas-ugc/api/track_time.php:0
[358895953ms] [ERROR] Failed to load resource: the server responded with a status of 401 (Unauthorized) @ http://localhost/saas-ugc/api/track_time.php:0
[358955953ms] [ERROR] Failed to load resource: the server responded with a status of 401 (Unauthorized) @ http://localhost/saas-ugc/api/track_time.php:0
[359015943ms] [ERROR] Failed to load resource: the server responded with a status of 401 (Unauthorized) @ http://localhost/saas-ugc/api/track_time.php:0
[359075943ms] [ERROR] Failed to load resource: the server responded with a status of 401 (Unauthorized) @ http://localhost/saas-ugc/api/track_time.php:0
[359105949ms] [ERROR] Failed to load resource: the server responded with a status of 401 (Unauthorized) @ http://localhost/saas-ugc/api/track_time.php:0
[359135954ms] [ERROR] Failed to load resource: the server responded with a status of 401 (Unauthorized) @ http://localhost/saas-ugc/api/track_time.php:0
[359195944ms] [ERROR] Failed to load resource: the server responded with a status of 401 (Unauthorized) @ http://localhost/saas-ugc/api/track_time.php:0
[359255946ms] [ERROR] Failed to load resource: the server responded with a status of 401 (Unauthorized) @ http://localhost/saas-ugc/api/track_time.php:0
[359285951ms] [ERROR] Failed to load resource: the server responded with a status of 401 (Unauthorized) @ http://localhost/saas-ugc/api/track_time.php:0
[359345951ms] [ERROR] Failed to load resource: the server responded with a status of 401 (Unauthorized) @ http://localhost/saas-ugc/api/track_time.php:0
[359405954ms] [ERROR] Failed to load resource: the server responded with a status of 401 (Unauthorized) @ http://localhost/saas-ugc/api/track_time.php:0
[359435955ms] [ERROR] Failed to load resource: the server responded with a status of 401 (Unauthorized) @ http://localhost/saas-ugc/api/track_time.php:0
[359495941ms] [ERROR] Failed to load resource: the server responded with a status of 401 (Unauthorized) @ http://localhost/saas-ugc/api/track_time.php:0
[359525956ms] [ERROR] Failed to load resource: the server responded with a status of 401 (Unauthorized) @ http://localhost/saas-ugc/api/track_time.php:0
[359585947ms] [ERROR] Failed to load resource: the server responded with a status of 401 (Unauthorized) @ http://localhost/saas-ugc/api/track_time.php:0
[359615948ms] [ERROR] Failed to load resource: the server responded with a status of 401 (Unauthorized) @ http://localhost/saas-ugc/api/track_time.php:0
[359645951ms] [ERROR] Failed to load resource: the server responded with a status of 401 (Unauthorized) @ http://localhost/saas-ugc/api/track_time.php:0
[359705944ms] [ERROR] Failed to load resource: the server responded with a status of 401 (Unauthorized) @ http://localhost/saas-ugc/api/track_time.php:0
[359735953ms] [ERROR] Failed to load resource: the server responded with a status of 401 (Unauthorized) @ http://localhost/saas-ugc/api/track_time.php:0
[359795945ms] [ERROR] Failed to load resource: the server responded with a status of 401 (Unauthorized) @ http://localhost/saas-ugc/api/track_time.php:0
[359825948ms] [ERROR] Failed to load resource: the server responded with a status of 401 (Unauthorized) @ http://localhost/saas-ugc/api/track_time.php:0
[359855956ms] [ERROR] Failed to load resource: the server responded with a status of 401 (Unauthorized) @ http://localhost/saas-ugc/api/track_time.php:0
[359915953ms] [ERROR] Failed to load resource: the server responded with a status of 401 (Unauthorized) @ http://localhost/saas-ugc/api/track_time.php:0
[359975949ms] [ERROR] Failed to load resource: the server responded with a status of 401 (Unauthorized) @ http://localhost/saas-ugc/api/track_time.php:0
[360035943ms] [ERROR] Failed to load resource: the server responded with a status of 401 (Unauthorized) @ http://localhost/saas-ugc/api/track_time.php:0
[360065950ms] [ERROR] Failed to load resource: the server responded with a status of 401 (Unauthorized) @ http://localhost/saas-ugc/api/track_time.php:0
[360125942ms] [ERROR] Failed to load resource: the server responded with a status of 401 (Unauthorized) @ http://localhost/saas-ugc/api/track_time.php:0
[360185947ms] [ERROR] Failed to load resource: the server responded with a status of 401 (Unauthorized) @ http://localhost/saas-ugc/api/track_time.php:0
